family,seed,n_trips,b,low_lo,low_hi,high_lo,high_hi,diff_lo,diff_hi,classification
feedback_b,0,8,0.05-0.01,-0.01000032000047213,0.0009860299996944377,-0.009500870000465511,0.0010152499999094289,-0.010486900000159949,0.011015570000381558,crosses-or-touches-zero
feedback_b,0,12,0.05-0.01,-0.009189310000238038,0.002152340000066033,-0.009205370000017865,0.0010412900001028902,-0.011357710000083898,0.010230600000340928,crosses-or-touches-zero
feedback_b,1,8,0.05-0.01,-0.010000000000218279,0.0,-0.009067740000318736,0.0011798199998338532,-0.009067740000318736,0.011179820000052132,crosses-or-touches-zero
feedback_b,1,12,0.05-0.01,-0.006816060000346624,0.0037634099999195314,0.023615059999428922,0.03439471000001504,0.01985164999950939,0.04121077000036166,strictly-positive
feedback_b,2,8,0.05-0.01,0.2824087599997256,0.2933804499998587,0.3787046900001769,0.38963746000035826,0.08532424000031824,0.10722870000063267,strictly-positive
feedback_b,2,12,0.05-0.01,-0.008007910000287666,0.0024445799999739393,2.1667328999997153,2.1771033400000306,2.1642883199997414,2.1851112500003183,strictly-positive
feedback_b,3,8,0.05-0.01,-0.009813960000428779,0.0006079899999349436,0.3023549199997433,0.3131601399995816,0.30174692999980834,0.32297410000001037,strictly-positive
feedback_b,3,12,0.05-0.01,0.020709739999801968,0.031198969999422843,-0.00985069000034855,0.000586950000069919,-0.04104965999977139,-0.02012278999973205,strictly-negative
feedback_b,4,8,0.05-0.01,-0.009423909999895841,0.0010893900002884038,0.31012000999999145,0.3204012400001375,0.30903061999970305,0.3298251500000333,strictly-positive
feedback_b,4,12,0.05-0.01,0.10252317000004041,0.11263839999992342,5.267904229999658,5.278216100000009,5.155265829999735,5.175692929999968,strictly-positive
feedback_b,5,8,0.05-0.01,-0.009819160000461125,0.0006870899997011293,2.13551144999974,2.146107619999839,2.1348243600000387,2.1559267800003,strictly-positive
feedback_b,5,12,0.05-0.01,2.8341675199994825,2.845098020000023,12.943789200000083,12.954786870000135,10.09869118000006,10.120619350000652,strictly-positive
feedback_b,6,8,0.05-0.01,-0.010017630000220379,0.00012610000021595624,0.8188274199997068,0.8292331900001955,0.8187013199994908,0.8392508200004158,strictly-positive
feedback_b,6,12,0.05-0.01,0.17774311999983183,0.18810531999997693,7.315515799999957,7.325988430000052,7.1274104799999805,7.14824531000022,strictly-positive
feedback_b,7,8,0.05-0.01,0.12675744999978633,0.13720797999985734,3.012760309999976,3.0235366000001704,2.8755523300001187,2.896779150000384,strictly-positive
feedback_b,7,12,0.05-0.01,0.08931233999965116,0.10002871999995477,0.18821446999982072,0.198530860000119,0.08818574999986595,0.10921852000046783,strictly-positive
feedback_b,8,8,0.05-0.01,1.757662679999612,1.7686072500000591,4.792979569999716,4.803739699999824,3.0243723199996566,3.0460770200002116,strictly-positive
feedback_b,8,12,0.05-0.01,0.30716069999971296,0.317375869999978,9.056255529999817,9.066649200000029,8.738879659999839,8.759488500000316,strictly-positive
feedback_b,9,8,0.05-0.01,-0.009599030000117637,0.0009844800001701515,0.2841758399995342,0.29476338999984364,0.28319135999936407,0.3043624199999613,strictly-positive
feedback_b,9,12,0.05-0.01,2.82305733999965,2.833497040000111,10.508476589999646,10.519043979999879,7.674979549999534,7.695986640000228,strictly-positive
feedback_b,10,8,0.05-0.01,0.5657713199998398,0.576155899999776,3.4185709999997016,3.4295129799997994,2.8424150999999256,2.8637416599999597,strictly-positive
feedback_b,10,12,0.05-0.01,0.012851580000187823,0.023174130000370496,4.992264069999692,5.003009850000126,4.969089939999321,4.990158269999938,strictly-positive
feedback_b,11,8,0.05-0.01,-0.010000000000218279,0.0,-0.010015350000230683,0.0003882400001202768,-0.010015350000230683,0.010388240000338556,crosses-or-touches-zero
feedback_b,11,12,0.05-0.01,-0.010000000000218279,0.0,0.19656846999987465,0.20694077999996807,0.19656846999987465,0.21694078000018635,strictly-positive
feedback_b,12,8,0.05-0.01,0.5689330999998674,0.5797924700000294,3.2061625999999706,3.217116210000313,2.626370129999941,2.6481831100004456,strictly-positive
feedback_b,12,12,0.05-0.01,1.3356700499998624,1.3466133100000661,7.779267049999817,7.789660710000135,6.4326537399997505,6.453990660000272,strictly-positive
feedback_b,13,8,0.05-0.01,-0.010000000000218279,0.0,-0.010000000000218279,0.0,-0.010000000000218279,0.010000000000218279,crosses-or-touches-zero
feedback_b,13,12,0.05-0.01,-0.00962694999998348,0.0007176500002969988,-0.00926893999985623,0.0016557199996896088,-0.009986590000153228,0.01128266999967309,crosses-or-touches-zero
feedback_b,14,8,0.05-0.01,-0.009996499999942898,0.0005489500003932335,-0.006775170000310027,0.003452049999850715,-0.00732412000070326,0.013448549999793613,crosses-or-touches-zero
feedback_b,14,12,0.05-0.01,-0.007735610000509041,0.0024180899999919347,1.3057766799997808,1.316287409999859,1.3033585899997888,1.324023020000368,strictly-positive
feedback_b,15,8,0.05-0.01,-0.008788610000010522,0.0014997799999036943,-0.009941090000211261,0.0007341400000768772,-0.011440870000114955,0.009522750000087399,crosses-or-touches-zero
feedback_b,15,12,0.05-0.01,2.661209549999512,2.6715625900001214,5.365699829999812,5.376095669999813,2.694137239999691,2.714886120000301,strictly-positive
workload_n,0,12-8,0.01,-0.01000032000047213,0.0009860299996944377,-0.009189310000238038,0.002152340000066033,-0.010175339999932476,0.012152660000538162,crosses-or-touches-zero
workload_n,0,12-8,0.05,-0.009500870000465511,0.0010152499999094289,-0.009205370000017865,0.0010412900001028902,-0.010220619999927294,0.010542160000568401,crosses-or-touches-zero
workload_n,1,12-8,0.01,-0.010000000000218279,0.0,-0.006816060000346624,0.0037634099999195314,-0.006816060000346624,0.01376341000013781,crosses-or-touches-zero
workload_n,1,12-8,0.05,-0.009067740000318736,0.0011798199998338532,0.023615059999428922,0.03439471000001504,0.02243523999959507,0.043462450000333774,strictly-positive
workload_n,2,12-8,0.01,0.2824087599997256,0.2933804499998587,-0.008007910000287666,0.0024445799999739393,-0.30138836000014635,-0.27996417999975165,strictly-negative
workload_n,2,12-8,0.05,0.3787046900001769,0.38963746000035826,2.1667328999997153,2.1771033400000306,1.777095439999357,1.7983986499998537,strictly-positive
workload_n,3,12-8,0.01,-0.009813960000428779,0.0006079899999349436,0.020709739999801968,0.031198969999422843,0.020101749999867025,0.04101292999985162,strictly-positive
workload_n,3,12-8,0.05,0.3023549199997433,0.3131601399995816,-0.00985069000034855,0.000586950000069919,-0.32301082999993014,-0.30176796999967337,strictly-negative
workload_n,4,12-8,0.01,-0.009423909999895841,0.0010893900002884038,0.10252317000004041,0.11263839999992342,0.101433779999752,0.12206230999981926,strictly-positive
workload_n,4,12-8,0.05,0.31012000999999145,0.3204012400001375,5.267904229999658,5.278216100000009,4.947502989999521,4.968096090000017,strictly-positive
workload_n,5,12-8,0.01,-0.009819160000461125,0.0006870899997011293,2.8341675199994825,2.845098020000023,2.8334804299997813,2.8549171800004842,strictly-positive
workload_n,5,12-8,0.05,2.13551144999974,2.146107619999839,12.943789200000083,12.954786870000135,10.797681580000244,10.819275420000395,strictly-positive
workload_n,6,12-8,0.01,-0.010017630000220379,0.00012610000021595624,0.17774311999983183,0.18810531999997693,0.17761701999961588,0.1981229500001973,strictly-positive
workload_n,6,12-8,0.05,0.8188274199997068,0.8292331900001955,7.315515799999957,7.325988430000052,6.486282609999762,6.507161010000345,strictly-positive
workload_n,7,12-8,0.01,0.12675744999978633,0.13720797999985734,0.08931233999965116,0.10002871999995477,-0.047895640000206186,-0.026728729999831558,strictly-negative
workload_n,7,12-8,0.05,3.012760309999976,3.0235366000001704,0.18821446999982072,0.198530860000119,-2.8353221300003497,-2.814229449999857,strictly-negative
workload_n,8,12-8,0.01,1.757662679999612,1.7686072500000591,0.30716069999971296,0.317375869999978,-1.4614465500003462,-1.440286809999634,strictly-negative
workload_n,8,12-8,0.05,4.792979569999716,4.803739699999824,9.056255529999817,9.066649200000029,4.252515829999993,4.273669630000313,strictly-positive
workload_n,9,12-8,0.01,-0.009599030000117637,0.0009844800001701515,2.82305733999965,2.833497040000111,2.82207285999948,2.843096070000229,strictly-positive
workload_n,9,12-8,0.05,0.2841758399995342,0.29476338999984364,10.508476589999646,10.519043979999879,10.213713199999802,10.234868140000344,strictly-positive
workload_n,10,12-8,0.01,0.5657713199998398,0.576155899999776,0.012851580000187823,0.023174130000370496,-0.5633043199995882,-0.5425971899994693,strictly-negative
workload_n,10,12-8,0.05,3.4185709999997016,3.4295129799997994,4.992264069999692,5.003009850000126,1.5627510899998924,1.5844388500004243,strictly-positive
workload_n,11,12-8,0.01,-0.010000000000218279,0.0,-0.010000000000218279,0.0,-0.010000000000218279,0.010000000000218279,crosses-or-touches-zero
workload_n,11,12-8,0.05,-0.010015350000230683,0.0003882400001202768,0.19656846999987465,0.20694077999996807,0.19618022999975437,0.21695613000019875,strictly-positive
workload_n,12,12-8,0.01,0.5689330999998674,0.5797924700000294,1.3356700499998624,1.3466133100000661,0.755877579999833,0.7776802100001987,strictly-positive
workload_n,12,12-8,0.05,3.2061625999999706,3.217116210000313,7.779267049999817,7.789660710000135,4.562150839999504,4.583498110000164,strictly-positive
workload_n,13,12-8,0.01,-0.010000000000218279,0.0,-0.00962694999998348,0.0007176500002969988,-0.00962694999998348,0.010717650000515277,crosses-or-touches-zero
workload_n,13,12-8,0.05,-0.010000000000218279,0.0,-0.00926893999985623,0.0016557199996896088,-0.00926893999985623,0.011655719999907888,crosses-or-touches-zero
workload_n,14,12-8,0.01,-0.009996499999942898,0.0005489500003932335,-0.007735610000509041,0.0024180899999919347,-0.008284560000902275,0.012414589999934833,crosses-or-touches-zero
workload_n,14,12-8,0.05,-0.006775170000310027,0.003452049999850715,1.3057766799997808,1.316287409999859,1.30232462999993,1.323062580000169,strictly-positive
workload_n,15,12-8,0.01,-0.008788610000010522,0.0014997799999036943,2.661209549999512,2.6715625900001214,2.6597097699996084,2.680351200000132,strictly-positive
workload_n,15,12-8,0.05,-0.009941090000211261,0.0007341400000768772,5.365699829999812,5.376095669999813,5.364965689999735,5.3860367600000245,strictly-positive
