case,base_timetable_group,query,execution_order,arm,call_status,hard_timeout,returncode,native_status,raw_solver_status,returned_plan,start_requested,start_setup_status,start_submitted,native_acceptance,selected_movement_count,raw_native_incumbent,raw_native_lower,native_replayed_upper,native_admitted_lower,native_admitted_upper,known_source_upper,best_feasible_upper,native_optimization_s,start_setup_s,model_build_s,start_validation_s,start_attachment_s,core_call_s,child_work_s,complete_child_s,hard_child_cap_s,evidence_issue_count,model_seed
synthetic_cyclic,synthetic_cyclic,linear_tariff,1,cold,returned,False,0,certified,OPTIMAL,True,False,,False,unknown,4,20.0,20.0,20.0,19.999999,20.000001,20.0,20.0,0.002701001998502761,,,,,0.8598302559694275,1.3268642059992999,1.522154751000926,90,0,0
synthetic_cyclic,synthetic_cyclic,linear_tariff,2,start,returned,False,0,certified,OPTIMAL,True,True,submitted,True,unknown,4,20.0,20.0,20.0,19.999999,20.000001,20.0,20.0,0.002874374040402472,0.8425228379783221,0.8406710709678009,0.0005447180010378361,0.0006128689856268466,0.8603965759975836,1.324579042964615,1.523786279023625,90,0,0
synthetic_cyclic,synthetic_cyclic,marginal_price,1,start,returned,False,0,certified,OPTIMAL,True,True,submitted,True,unknown,3,169.0,169.0,169.0,168.999999,169.000001,169.0,169.0,0.0029948740266263485,0.8353709210059606,0.833532860968262,0.0005648999940603971,0.0006127189844846725,0.8518011820269749,1.3193174689658917,1.5246986339916475,90,0,0
synthetic_cyclic,synthetic_cyclic,marginal_price,2,cold,returned,False,0,certified,OPTIMAL,True,False,,False,unknown,3,169.0,169.0,169.0,168.999999,169.000001,169.0,169.0,0.002957029966637492,,,,,0.867641311022453,1.3341203750460409,1.5215839199954644,90,0,0
synthetic_multivisit,synthetic_multivisit,linear_tariff,1,start,returned,False,0,certified,OPTIMAL,True,True,submitted,True,unknown,4,44.83157894736842,44.83157894736842,44.83157894736842,44.83157794736842,44.83157994736842,44.83157894736842,44.83157894736842,0.0029344899812713265,0.856566553004086,0.8545286300359294,0.0007351170061156154,0.0006416389951482415,0.8742497630300932,1.3438589769648388,1.5217043579905294,90,0,0
synthetic_multivisit,synthetic_multivisit,linear_tariff,2,cold,returned,False,0,certified,OPTIMAL,True,False,,False,unknown,4,44.83157894736842,44.83157894736842,44.83157894736842,44.83157794736842,44.83157994736842,44.83157894736842,44.83157894736842,0.0026634579990059137,,,,,0.8637848779908381,1.332519919029437,1.5244460229878314,90,0,0
synthetic_multivisit,synthetic_multivisit,marginal_price,1,cold,returned,False,0,certified,OPTIMAL,True,False,,False,unknown,4,116.79279778393354,116.79279778393354,116.79279778393352,116.79279678393354,116.79279878393352,119.18060941828256,116.79279778393352,0.0031107410322874784,,,,,0.8594780149869621,1.3280279929749668,1.525920205982402,90,0,0
synthetic_multivisit,synthetic_multivisit,marginal_price,2,start,returned,False,0,certified,OPTIMAL,True,True,submitted,True,unknown,4,116.79279778393354,116.79279778393354,116.79279778393352,116.79279678393354,116.79279878393352,119.18060941828256,116.79279778393352,0.0034760370035655797,0.8583691590465605,0.8563097809674218,0.0007439249893650413,0.0006258179782889783,0.8764219239819795,1.3437040889984928,1.523243059986271,90,0,0
public_depot15,hildenbrand_37,linear_tariff,1,cold,returned,False,0,bounded,FEASIBLE,True,False,,False,unknown,39,413.6623662188081,345.8673498250519,413.66236621880813,345.8673488250519,413.66236721880813,414.98644947226705,413.66236621880813,160.01411075802753,,,,,162.23950762103777,162.81351944699418,163.00828992103925,210,0,0
public_depot15,hildenbrand_37,linear_tariff,2,start,returned,False,0,bounded,FEASIBLE,True,True,submitted,True,unknown,39,413.66236621880836,340.18827334186454,413.6623662188084,340.18827234186455,413.6623672188084,414.98644947226705,413.6623662188084,160.00677352200728,1.6081569800153375,1.4988045470090583,0.06452545401407406,0.04004856798565015,162.44797527999617,163.0157674770453,163.30834388401126,210,0,0
public_depot15,hildenbrand_37,marginal_price,1,start,returned,False,0,bounded,FEASIBLE,True,True,submitted,True,unknown,39,417.9487388055107,379.41434159160724,417.9487388055107,379.41434059160724,417.9487398055107,429.38644947226635,417.9487388055107,160.00964974000817,1.618745912972372,1.5091059239930473,0.0652744360268116,0.03960886999266222,162.4125392359565,162.98028488998534,163.25272254901938,210,0,0
public_depot15,hildenbrand_37,marginal_price,2,cold,returned,False,0,bounded,FEASIBLE,True,False,,False,unknown,39,419.0535589121594,383.0076785930049,419.0535589121594,383.0076775930049,419.0535599121594,429.38644947226635,419.0535589121594,160.00801355094882,,,,,162.27445407101186,162.86975579202408,163.15072961495025,210,0,0
public_depot16,hildenbrand_37,linear_tariff,1,start,returned,False,0,bounded,FEASIBLE,True,True,submitted,True,unknown,39,430.85939357882586,377.6598964951502,430.85939357882586,377.6598954951502,430.85939457882586,440.7906436055995,430.85939357882586,160.0077675480279,1.5903851540060714,1.483637091005221,0.06354043504688889,0.03843669395428151,162.3659768489888,162.9578459719778,163.20267961302307,210,0,0
public_depot16,hildenbrand_37,linear_tariff,2,cold,returned,False,0,bounded,FEASIBLE,True,False,,False,unknown,39,430.8593935788255,377.6598964951502,430.8593935788255,377.6598954951502,430.8593945788255,440.7906436055995,430.8593935788255,160.00704881502315,,,,,162.27203650196316,162.83940518298186,163.1128722790163,210,0,0
public_depot16,hildenbrand_37,marginal_price,1,cold,returned,False,0,bounded,FEASIBLE,True,False,,False,unknown,39,438.1650185922122,416.7269281476841,438.1650185922123,416.7269271476841,438.1650195922123,448.9390025922121,438.1650185922123,160.00685089000035,,,,,162.24549365899293,162.8085351100308,163.11153353797272,210,0,0
public_depot16,hildenbrand_37,marginal_price,2,start,returned,False,0,bounded,FEASIBLE,True,True,submitted,True,unknown,39,438.16501859221233,428.51162054596585,438.16501859221233,428.51161954596586,438.16501959221233,448.9390025922121,438.16501859221233,160.01279023999814,1.5804397449828684,1.4741156679810956,0.06384657300077379,0.03801547799957916,162.3298616919783,162.93226678698556,163.17228590301238,210,0,0
