campaign,cell,seed,n_trips,shape,b,alpha,outcome,cycle_length,cycle_first_seen,iters_run,final_price_residual
damping,s0_n12_duck_b0.01_a0.05,0,12,duck,0.01,0.05,max_iters,,,240,0.00289788341
damping,s1_n12_duck_b0.01_a0.05,1,12,duck,0.01,0.05,max_iters,,,240,0.0164220623
damping,s2_n12_duck_b0.01_a0.05,2,12,duck,0.01,0.05,max_iters,,,240,0.01598968218
damping,s3_n12_duck_b0.01_a0.05,3,12,duck,0.01,0.05,max_iters,,,240,0.006450998065
damping,s4_n12_duck_b0.01_a0.05,4,12,duck,0.01,0.05,cycle,62,145,208,0.00899649192
damping,s5_n12_duck_b0.01_a0.05,5,12,duck,0.01,0.05,max_iters,,,240,0.01218421853
damping,s6_n12_duck_b0.01_a0.05,6,12,duck,0.01,0.05,max_iters,,,240,0.01633904417
damping,s7_n12_duck_b0.01_a0.05,7,12,duck,0.01,0.05,cycle,32,146,179,0.00698391018
damping,s8_n12_duck_b0.01_a0.05,8,12,duck,0.01,0.05,max_iters,,,240,0.01016044125
damping,s9_n12_duck_b0.01_a0.05,9,12,duck,0.01,0.05,max_iters,,,240,0.03379462521
damping,s10_n12_duck_b0.01_a0.05,10,12,duck,0.01,0.05,max_iters,,,240,0.01268578024
damping,s11_n12_duck_b0.01_a0.05,11,12,duck,0.01,0.05,fixed_point,,,97,9.958435683e-05
damping,s12_n12_duck_b0.01_a0.05,12,12,duck,0.01,0.05,max_iters,,,240,0.007371049942
damping,s13_n12_duck_b0.01_a0.05,13,12,duck,0.01,0.05,cycle,26,136,163,0.01034158843
damping,s14_n12_duck_b0.01_a0.05,14,12,duck,0.01,0.05,max_iters,,,240,0.03068583514
damping,s15_n12_duck_b0.01_a0.05,15,12,duck,0.01,0.05,max_iters,,,240,0.01181916245
damping,s0_n12_duck_b0.01_a0.1,0,12,duck,0.01,0.1,cycle,26,152,179,0.02775110118
damping,s1_n12_duck_b0.01_a0.1,1,12,duck,0.01,0.1,max_iters,,,240,0.03288872804
damping,s2_n12_duck_b0.01_a0.1,2,12,duck,0.01,0.1,max_iters,,,240,0.03326315789
damping,s3_n12_duck_b0.01_a0.1,3,12,duck,0.01,0.1,cycle,10,88,99,0.0140511985
damping,s4_n12_duck_b0.01_a0.1,4,12,duck,0.01,0.1,cycle,87,70,158,0.01808093156
damping,s5_n12_duck_b0.01_a0.1,5,12,duck,0.01,0.1,cycle,17,86,104,0.02283535534
damping,s6_n12_duck_b0.01_a0.1,6,12,duck,0.01,0.1,max_iters,,,240,0.02353731437
damping,s7_n12_duck_b0.01_a0.1,7,12,duck,0.01,0.1,cycle,32,73,106,0.01399280038
damping,s8_n12_duck_b0.01_a0.1,8,12,duck,0.01,0.1,cycle,16,74,91,0.03014053079
damping,s9_n12_duck_b0.01_a0.1,9,12,duck,0.01,0.1,cycle,74,79,154,0.03981616543
damping,s10_n12_duck_b0.01_a0.1,10,12,duck,0.01,0.1,cycle,53,98,152,0.03366562864
damping,s11_n12_duck_b0.01_a0.1,11,12,duck,0.01,0.1,fixed_point,,,55,9.265375824e-05
damping,s12_n12_duck_b0.01_a0.1,12,12,duck,0.01,0.1,cycle,14,70,85,0.01779958095
damping,s13_n12_duck_b0.01_a0.1,13,12,duck,0.01,0.1,cycle,11,67,79,0.02946486027
damping,s14_n12_duck_b0.01_a0.1,14,12,duck,0.01,0.1,cycle,22,81,104,0.05800073507
damping,s15_n12_duck_b0.01_a0.1,15,12,duck,0.01,0.1,cycle,41,72,114,0.03958794044
damping,s0_n12_duck_b0.01_a0.15,0,12,duck,0.01,0.15,cycle,55,48,104,0.04150156273
damping,s1_n12_duck_b0.01_a0.15,1,12,duck,0.01,0.15,cycle,99,48,148,0.05910035064
damping,s2_n12_duck_b0.01_a0.15,2,12,duck,0.01,0.15,max_iters,,,240,0.05124324324
damping,s3_n12_duck_b0.01_a0.15,3,12,duck,0.01,0.15,cycle,45,46,92,0.02081743843
damping,s4_n12_duck_b0.01_a0.15,4,12,duck,0.01,0.15,cycle,50,52,103,0.02729142872
damping,s5_n12_duck_b0.01_a0.15,5,12,duck,0.01,0.15,cycle,38,73,112,0.0368173432
damping,s6_n12_duck_b0.01_a0.15,6,12,duck,0.01,0.15,cycle,36,49,86,0.05095445783
damping,s7_n12_duck_b0.01_a0.15,7,12,duck,0.01,0.15,cycle,23,48,72,0.02110991602
damping,s8_n12_duck_b0.01_a0.15,8,12,duck,0.01,0.15,cycle,11,47,59,0.04750224161
damping,s9_n12_duck_b0.01_a0.15,9,12,duck,0.01,0.15,cycle,21,49,71,0.1004237837
damping,s10_n12_duck_b0.01_a0.15,10,12,duck,0.01,0.15,cycle,18,51,70,0.05003409049
damping,s11_n12_duck_b0.01_a0.15,11,12,duck,0.01,0.15,fixed_point,,,39,8.546044069e-05
damping,s12_n12_duck_b0.01_a0.15,12,12,duck,0.01,0.15,cycle,24,67,92,0.02411966104
damping,s13_n12_duck_b0.01_a0.15,13,12,duck,0.01,0.15,cycle,11,44,56,0.04550286646
damping,s14_n12_duck_b0.01_a0.15,14,12,duck,0.01,0.15,cycle,52,83,136,0.09065006056
damping,s15_n12_duck_b0.01_a0.15,15,12,duck,0.01,0.15,cycle,29,47,77,0.06393970065
damping,s0_n12_duck_b0.01_a0.2,0,12,duck,0.01,0.2,cycle,41,62,104,0.06393238627
damping,s1_n12_duck_b0.01_a0.2,1,12,duck,0.01,0.2,cycle,53,39,93,0.1204501438
damping,s2_n12_duck_b0.01_a0.2,2,12,duck,0.01,0.2,cycle,140,50,191,0.07022222222
damping,s3_n12_duck_b0.01_a0.2,3,12,duck,0.01,0.2,cycle,40,34,75,0.05450712756
damping,s4_n12_duck_b0.01_a0.2,4,12,duck,0.01,0.2,cycle,34,35,70,0.03419743435
damping,s5_n12_duck_b0.01_a0.2,5,12,duck,0.01,0.2,cycle,41,36,78,0.06251268327
damping,s6_n12_duck_b0.01_a0.2,6,12,duck,0.01,0.2,cycle,77,36,114,0.06263685986
damping,s7_n12_duck_b0.01_a0.2,7,12,duck,0.01,0.2,cycle,11,35,47,0.06674628091
damping,s8_n12_duck_b0.01_a0.2,8,12,duck,0.01,0.2,cycle,21,36,58,0.1109830151
damping,s9_n12_duck_b0.01_a0.2,9,12,duck,0.01,0.2,cycle,33,37,71,0.09502164714
damping,s10_n12_duck_b0.01_a0.2,10,12,duck,0.01,0.2,cycle,7,36,44,0.06775621201
damping,s11_n12_duck_b0.01_a0.2,11,12,duck,0.01,0.2,fixed_point,,,30,8.480083534e-05
damping,s12_n12_duck_b0.01_a0.2,12,12,duck,0.01,0.2,cycle,11,34,46,0.05340404184
damping,s13_n12_duck_b0.01_a0.2,13,12,duck,0.01,0.2,cycle,11,33,45,0.06237862337
damping,s14_n12_duck_b0.01_a0.2,14,12,duck,0.01,0.2,cycle,60,37,98,0.1362641957
damping,s15_n12_duck_b0.01_a0.2,15,12,duck,0.01,0.2,cycle,23,58,82,0.05412012953
damping,s0_n12_duck_b0.01_a0.25,0,12,duck,0.01,0.25,cycle,12,27,40,0.02199314521
damping,s1_n12_duck_b0.01_a0.25,1,12,duck,0.01,0.25,cycle,19,40,60,0.09740540406
damping,s2_n12_duck_b0.01_a0.25,2,12,duck,0.01,0.25,cycle,8,28,37,0.0902878665
damping,s3_n12_duck_b0.01_a0.25,3,12,duck,0.01,0.25,cycle,42,26,69,0.05171179731
damping,s4_n12_duck_b0.01_a0.25,4,12,duck,0.01,0.25,cycle,23,28,52,0.076236674
damping,s5_n12_duck_b0.01_a0.25,5,12,duck,0.01,0.25,cycle,21,27,49,0.05935437526
damping,s6_n12_duck_b0.01_a0.25,6,12,duck,0.01,0.25,max_iters,,,240,0.07781411554
damping,s7_n12_duck_b0.01_a0.25,7,12,duck,0.01,0.25,cycle,4,44,49,0.05070167198
damping,s8_n12_duck_b0.01_a0.25,8,12,duck,0.01,0.25,cycle,7,36,44,0.1116893786
damping,s9_n12_duck_b0.01_a0.25,9,12,duck,0.01,0.25,cycle,6,28,35,0.1772994617
damping,s10_n12_duck_b0.01_a0.25,10,12,duck,0.01,0.25,cycle,7,35,43,0.08630292082
damping,s11_n12_duck_b0.01_a0.25,11,12,duck,0.01,0.25,fixed_point,,,24,9.161057002e-05
damping,s12_n12_duck_b0.01_a0.25,12,12,duck,0.01,0.25,cycle,13,27,41,0.04096847606
damping,s13_n12_duck_b0.01_a0.25,13,12,duck,0.01,0.25,cycle,18,29,48,0.06063506036
damping,s14_n12_duck_b0.01_a0.25,14,12,duck,0.01,0.25,cycle,16,31,48,0.1631339264
damping,s15_n12_duck_b0.01_a0.25,15,12,duck,0.01,0.25,cycle,64,27,92,0.06125104127
damping,s0_n12_duck_b0.01_a0.35,0,12,duck,0.01,0.35,cycle,12,19,32,0.09951362997
damping,s1_n12_duck_b0.01_a0.35,1,12,duck,0.01,0.35,cycle,18,25,44,0.2574826491
damping,s2_n12_duck_b0.01_a0.35,2,12,duck,0.01,0.35,cycle,4,21,26,0.1340574563
damping,s3_n12_duck_b0.01_a0.35,3,12,duck,0.01,0.35,cycle,30,18,49,0.06581080342
damping,s4_n12_duck_b0.01_a0.35,4,12,duck,0.01,0.35,cycle,8,18,27,0.1903657924
damping,s5_n12_duck_b0.01_a0.35,5,12,duck,0.01,0.35,cycle,31,21,53,0.08011991287
damping,s6_n12_duck_b0.01_a0.35,6,12,duck,0.01,0.35,cycle,6,19,26,0.1143357377
damping,s7_n12_duck_b0.01_a0.35,7,12,duck,0.01,0.35,cycle,5,27,33,0.1302948629
damping,s8_n12_duck_b0.01_a0.35,8,12,duck,0.01,0.35,cycle,14,19,34,0.1293834583
damping,s9_n12_duck_b0.01_a0.35,9,12,duck,0.01,0.35,cycle,9,29,39,0.1976787647
damping,s10_n12_duck_b0.01_a0.35,10,12,duck,0.01,0.35,cycle,10,40,51,0.09584371241
damping,s11_n12_duck_b0.01_a0.35,11,12,duck,0.01,0.35,fixed_point,,,17,9.737160159e-05
damping,s12_n12_duck_b0.01_a0.35,12,12,duck,0.01,0.35,cycle,8,19,28,0.100674285
damping,s13_n12_duck_b0.01_a0.35,13,12,duck,0.01,0.35,cycle,18,18,37,0.08223418109
damping,s14_n12_duck_b0.01_a0.35,14,12,duck,0.01,0.35,cycle,3,20,24,0.2368541842
damping,s15_n12_duck_b0.01_a0.35,15,12,duck,0.01,0.35,cycle,11,18,30,0.1545343892
damping,s0_n12_duck_b0.01_a0.5,0,12,duck,0.01,0.5,cycle,15,12,28,0.1453570658
damping,s1_n12_duck_b0.01_a0.5,1,12,duck,0.01,0.5,cycle,5,13,19,0.2125810547
damping,s2_n12_duck_b0.01_a0.5,2,12,duck,0.01,0.5,cycle,13,30,44,0.2108724209
damping,s3_n12_duck_b0.01_a0.5,3,12,duck,0.01,0.5,cycle,10,11,22,0.1088778582
damping,s4_n12_duck_b0.01_a0.5,4,12,duck,0.01,0.5,cycle,4,21,26,0.2143323841
damping,s5_n12_duck_b0.01_a0.5,5,12,duck,0.01,0.5,cycle,12,23,36,0.1973157513
damping,s6_n12_duck_b0.01_a0.5,6,12,duck,0.01,0.5,cycle,6,12,19,0.1796670094
damping,s7_n12_duck_b0.01_a0.5,7,12,duck,0.01,0.5,cycle,5,12,18,0.2185813904
damping,s8_n12_duck_b0.01_a0.5,8,12,duck,0.01,0.5,cycle,4,12,17,0.2323351059
damping,s9_n12_duck_b0.01_a0.5,9,12,duck,0.01,0.5,cycle,3,12,16,0.2042915344
damping,s10_n12_duck_b0.01_a0.5,10,12,duck,0.01,0.5,cycle,3,12,16,0.2871478424
damping,s11_n12_duck_b0.01_a0.5,11,12,duck,0.01,0.5,fixed_point,,,12,6.689453125e-05
damping,s12_n12_duck_b0.01_a0.5,12,12,duck,0.01,0.5,cycle,2,11,14,0.1253486328
damping,s13_n12_duck_b0.01_a0.5,13,12,duck,0.01,0.5,cycle,4,13,18,0.1270024223
damping,s14_n12_duck_b0.01_a0.5,14,12,duck,0.01,0.5,cycle,3,13,17,0.3642924194
damping,s15_n12_duck_b0.01_a0.5,15,12,duck,0.01,0.5,cycle,10,13,24,0.2380019537
damping,s0_n12_duck_b0.01_a0.75,0,12,duck,0.01,0.75,cycle,6,7,14,0.3999758112
damping,s1_n12_duck_b0.01_a0.75,1,12,duck,0.01,0.75,cycle,4,7,12,0.4560001087
damping,s2_n12_duck_b0.01_a0.75,2,12,duck,0.01,0.75,cycle,3,7,11,0.7021429911
damping,s3_n12_duck_b0.01_a0.75,3,12,duck,0.01,0.75,cycle,4,9,14,0.2127175317
damping,s4_n12_duck_b0.01_a0.75,4,12,duck,0.01,0.75,cycle,6,9,16,0.4229999889
damping,s5_n12_duck_b0.01_a0.75,5,12,duck,0.01,0.75,cycle,4,7,12,0.3417177229
damping,s6_n12_duck_b0.01_a0.75,6,12,duck,0.01,0.75,cycle,2,6,9,0.3234012337
damping,s7_n12_duck_b0.01_a0.75,7,12,duck,0.01,0.75,cycle,6,6,13,0.3888000058
damping,s8_n12_duck_b0.01_a0.75,8,12,duck,0.01,0.75,cycle,2,7,10,0.4182015953
damping,s9_n12_duck_b0.01_a0.75,9,12,duck,0.01,0.75,cycle,4,7,12,0.6138000214
damping,s10_n12_duck_b0.01_a0.75,10,12,duck,0.01,0.75,cycle,4,8,13,0.3156707008
damping,s11_n12_duck_b0.01_a0.75,11,12,duck,0.01,0.75,fixed_point,,,7,5.017089844e-05
damping,s12_n12_duck_b0.01_a0.75,12,12,duck,0.01,0.75,cycle,4,6,11,0.339000083
damping,s13_n12_duck_b0.01_a0.75,13,12,duck,0.01,0.75,cycle,4,6,11,0.2286000545
damping,s14_n12_duck_b0.01_a0.75,14,12,duck,0.01,0.75,cycle,3,8,12,0.607142148
damping,s15_n12_duck_b0.01_a0.75,15,12,duck,0.01,0.75,cycle,4,7,12,0.3735527794
damping,s0_n12_duck_b0.01_a1,0,12,duck,0.01,1,cycle,2,2,5,0.667
damping,s1_n12_duck_b0.01_a1,1,12,duck,0.01,1,cycle,2,1,4,0.76
damping,s2_n12_duck_b0.01_a1,2,12,duck,0.01,1,cycle,2,1,4,0.983
damping,s3_n12_duck_b0.01_a1,3,12,duck,0.01,1,cycle,2,1,4,0.318
damping,s4_n12_duck_b0.01_a1,4,12,duck,0.01,1,cycle,2,1,4,0.705
damping,s5_n12_duck_b0.01_a1,5,12,duck,0.01,1,cycle,2,1,4,0.509
damping,s6_n12_duck_b0.01_a1,6,12,duck,0.01,1,cycle,2,1,4,0.539
damping,s7_n12_duck_b0.01_a1,7,12,duck,0.01,1,cycle,2,1,4,0.648
damping,s8_n12_duck_b0.01_a1,8,12,duck,0.01,1,cycle,2,1,4,0.697
damping,s9_n12_duck_b0.01_a1,9,12,duck,0.01,1,cycle,2,4,7,1.023
damping,s10_n12_duck_b0.01_a1,10,12,duck,0.01,1,cycle,2,1,4,0.439
damping,s11_n12_duck_b0.01_a1,11,12,duck,0.01,1,fixed_point,,,2,0
damping,s12_n12_duck_b0.01_a1,12,12,duck,0.01,1,cycle,2,2,5,0.529
damping,s13_n12_duck_b0.01_a1,13,12,duck,0.01,1,cycle,2,1,4,0.381
damping,s14_n12_duck_b0.01_a1,14,12,duck,0.01,1,cycle,2,1,4,0.85
damping,s15_n12_duck_b0.01_a1,15,12,duck,0.01,1,cycle,2,1,4,0.437
damping,s0_n12_duck_b0.05_a0.05,0,12,duck,0.05,0.05,max_iters,,,240,0.1092788261
damping,s1_n12_duck_b0.05_a0.05,1,12,duck,0.05,0.05,max_iters,,,240,0.1847313988
damping,s2_n12_duck_b0.05_a0.05,2,12,duck,0.05,0.05,max_iters,,,240,0.1108806706
damping,s3_n12_duck_b0.05_a0.05,3,12,duck,0.05,0.05,max_iters,,,240,0.1028585006
damping,s4_n12_duck_b0.05_a0.05,4,12,duck,0.05,0.05,max_iters,,,240,0.05972080161
damping,s5_n12_duck_b0.05_a0.05,5,12,duck,0.05,0.05,max_iters,,,240,0.06235048349
damping,s6_n12_duck_b0.05_a0.05,6,12,duck,0.05,0.05,max_iters,,,240,0.07277974419
damping,s7_n12_duck_b0.05_a0.05,7,12,duck,0.05,0.05,max_iters,,,240,0.06798877572
damping,s8_n12_duck_b0.05_a0.05,8,12,duck,0.05,0.05,max_iters,,,240,0.0511453272
damping,s9_n12_duck_b0.05_a0.05,9,12,duck,0.05,0.05,max_iters,,,240,0.065559438
damping,s10_n12_duck_b0.05_a0.05,10,12,duck,0.05,0.05,max_iters,,,240,0.07657423283
damping,s11_n12_duck_b0.05_a0.05,11,12,duck,0.05,0.05,max_iters,,,240,0.01979194268
damping,s12_n12_duck_b0.05_a0.05,12,12,duck,0.05,0.05,max_iters,,,240,0.03941779691
damping,s13_n12_duck_b0.05_a0.05,13,12,duck,0.05,0.05,max_iters,,,240,0.06627941551
damping,s14_n12_duck_b0.05_a0.05,14,12,duck,0.05,0.05,max_iters,,,240,0.1114736493
damping,s15_n12_duck_b0.05_a0.05,15,12,duck,0.05,0.05,max_iters,,,240,0.09419822843
damping,s0_n12_duck_b0.05_a0.1,0,12,duck,0.05,0.1,max_iters,,,240,0.09537779438
damping,s1_n12_duck_b0.05_a0.1,1,12,duck,0.05,0.1,max_iters,,,240,0.1889636572
damping,s2_n12_duck_b0.05_a0.1,2,12,duck,0.05,0.1,max_iters,,,240,0.1336547992
damping,s3_n12_duck_b0.05_a0.1,3,12,duck,0.05,0.1,max_iters,,,240,0.159089522
damping,s4_n12_duck_b0.05_a0.1,4,12,duck,0.05,0.1,max_iters,,,240,0.1329972238
damping,s5_n12_duck_b0.05_a0.1,5,12,duck,0.05,0.1,max_iters,,,240,0.1420429825
damping,s6_n12_duck_b0.05_a0.1,6,12,duck,0.05,0.1,max_iters,,,240,0.1901150136
damping,s7_n12_duck_b0.05_a0.1,7,12,duck,0.05,0.1,max_iters,,,240,0.1518086873
damping,s8_n12_duck_b0.05_a0.1,8,12,duck,0.05,0.1,max_iters,,,240,0.1708446458
damping,s9_n12_duck_b0.05_a0.1,9,12,duck,0.05,0.1,max_iters,,,240,0.3547781834
damping,s10_n12_duck_b0.05_a0.1,10,12,duck,0.05,0.1,max_iters,,,240,0.09601657787
damping,s11_n12_duck_b0.05_a0.1,11,12,duck,0.05,0.1,cycle,80,77,158,0.03330056649
damping,s12_n12_duck_b0.05_a0.1,12,12,duck,0.05,0.1,max_iters,,,240,0.1354894849
damping,s13_n12_duck_b0.05_a0.1,13,12,duck,0.05,0.1,cycle,25,117,143,0.1269394569
damping,s14_n12_duck_b0.05_a0.1,14,12,duck,0.05,0.1,max_iters,,,240,0.2540519629
damping,s15_n12_duck_b0.05_a0.1,15,12,duck,0.05,0.1,max_iters,,,240,0.2127368519
damping,s0_n12_duck_b0.05_a0.15,0,12,duck,0.05,0.15,cycle,63,58,122,0.3479076787
damping,s1_n12_duck_b0.05_a0.15,1,12,duck,0.05,0.15,cycle,101,118,220,0.3829550272
damping,s2_n12_duck_b0.05_a0.15,2,12,duck,0.05,0.15,max_iters,,,240,0.5102424313
damping,s3_n12_duck_b0.05_a0.15,3,12,duck,0.05,0.15,cycle,21,83,105,0.2570148942
damping,s4_n12_duck_b0.05_a0.15,4,12,duck,0.05,0.15,cycle,131,54,186,0.1541666824
damping,s5_n12_duck_b0.05_a0.15,5,12,duck,0.05,0.15,cycle,60,63,124,0.2136294163
damping,s6_n12_duck_b0.05_a0.15,6,12,duck,0.05,0.15,cycle,106,61,168,0.2915763502
damping,s7_n12_duck_b0.05_a0.15,7,12,duck,0.05,0.15,max_iters,,,240,0.1531909394
damping,s8_n12_duck_b0.05_a0.15,8,12,duck,0.05,0.15,cycle,94,59,154,0.4293241358
damping,s9_n12_duck_b0.05_a0.15,9,12,duck,0.05,0.15,max_iters,,,240,0.3007518037
damping,s10_n12_duck_b0.05_a0.15,10,12,duck,0.05,0.15,cycle,25,151,177,0.2304423211
damping,s11_n12_duck_b0.05_a0.15,11,12,duck,0.05,0.15,cycle,37,50,88,0.05876352388
damping,s12_n12_duck_b0.05_a0.15,12,12,duck,0.05,0.15,cycle,30,54,85,0.2076906714
damping,s13_n12_duck_b0.05_a0.15,13,12,duck,0.05,0.15,cycle,58,62,121,0.2029450173
damping,s14_n12_duck_b0.05_a0.15,14,12,duck,0.05,0.15,max_iters,,,240,0.3660511683
damping,s15_n12_duck_b0.05_a0.15,15,12,duck,0.05,0.15,cycle,36,66,103,0.2252040881
damping,s0_n12_duck_b0.05_a0.2,0,12,duck,0.05,0.2,max_iters,,,240,0.2102007823
damping,s1_n12_duck_b0.05_a0.2,1,12,duck,0.05,0.2,max_iters,,,240,0.8156404688
damping,s2_n12_duck_b0.05_a0.2,2,12,duck,0.05,0.2,max_iters,,,240,0.7393927355
damping,s3_n12_duck_b0.05_a0.2,3,12,duck,0.05,0.2,cycle,10,40,51,0.3389865732
damping,s4_n12_duck_b0.05_a0.2,4,12,duck,0.05,0.2,cycle,38,45,84,0.2111206232
damping,s5_n12_duck_b0.05_a0.2,5,12,duck,0.05,0.2,cycle,34,49,84,0.3363486621
damping,s6_n12_duck_b0.05_a0.2,6,12,duck,0.05,0.2,cycle,36,58,95,0.3983606513
damping,s7_n12_duck_b0.05_a0.2,7,12,duck,0.05,0.2,cycle,47,67,115,0.3716758928
damping,s8_n12_duck_b0.05_a0.2,8,12,duck,0.05,0.2,cycle,41,100,142,0.54700701
damping,s9_n12_duck_b0.05_a0.2,9,12,duck,0.05,0.2,cycle,8,53,62,0.4054180883
damping,s10_n12_duck_b0.05_a0.2,10,12,duck,0.05,0.2,cycle,35,70,106,0.622763312
damping,s11_n12_duck_b0.05_a0.2,11,12,duck,0.05,0.2,cycle,26,36,63,0.07145588201
damping,s12_n12_duck_b0.05_a0.2,12,12,duck,0.05,0.2,cycle,44,49,94,0.2877454094
damping,s13_n12_duck_b0.05_a0.2,13,12,duck,0.05,0.2,cycle,41,52,94,0.2747706594
damping,s14_n12_duck_b0.05_a0.2,14,12,duck,0.05,0.2,max_iters,,,240,0.3055337991
damping,s15_n12_duck_b0.05_a0.2,15,12,duck,0.05,0.2,cycle,36,41,78,0.3105737735
damping,s0_n12_duck_b0.05_a0.25,0,12,duck,0.05,0.25,cycle,74,33,108,0.3975805457
damping,s1_n12_duck_b0.05_a0.25,1,12,duck,0.05,0.25,cycle,18,33,52,0.5323267934
damping,s2_n12_duck_b0.05_a0.25,2,12,duck,0.05,0.25,cycle,62,66,129,0.3861637626
damping,s3_n12_duck_b0.05_a0.25,3,12,duck,0.05,0.25,cycle,14,50,65,0.3977615865
damping,s4_n12_duck_b0.05_a0.25,4,12,duck,0.05,0.25,cycle,57,34,92,0.2615404729
damping,s5_n12_duck_b0.05_a0.25,5,12,duck,0.05,0.25,cycle,17,36,54,0.4177072035
damping,s6_n12_duck_b0.05_a0.25,6,12,duck,0.05,0.25,cycle,15,195,211,0.5098648715
damping,s7_n12_duck_b0.05_a0.25,7,12,duck,0.05,0.25,cycle,19,101,121,0.3568085455
damping,s8_n12_duck_b0.05_a0.25,8,12,duck,0.05,0.25,cycle,28,53,82,0.4224667203
damping,s9_n12_duck_b0.05_a0.25,9,12,duck,0.05,0.25,cycle,8,60,69,0.5093406588
damping,s10_n12_duck_b0.05_a0.25,10,12,duck,0.05,0.25,cycle,106,42,149,0.7070295354
damping,s11_n12_duck_b0.05_a0.25,11,12,duck,0.05,0.25,cycle,32,34,67,0.08456846358
damping,s12_n12_duck_b0.05_a0.25,12,12,duck,0.05,0.25,cycle,29,37,67,0.3637967111
damping,s13_n12_duck_b0.05_a0.25,13,12,duck,0.05,0.25,cycle,8,42,51,0.35942572
damping,s14_n12_duck_b0.05_a0.25,14,12,duck,0.05,0.25,max_iters,,,240,0.3786852451
damping,s15_n12_duck_b0.05_a0.25,15,12,duck,0.05,0.25,cycle,36,34,71,0.4669376526
damping,s0_n12_duck_b0.05_a0.35,0,12,duck,0.05,0.35,cycle,14,22,37,0.5852458468
damping,s1_n12_duck_b0.05_a0.35,1,12,duck,0.05,0.35,cycle,11,35,47,0.7781686107
damping,s2_n12_duck_b0.05_a0.35,2,12,duck,0.05,0.35,cycle,47,23,71,1.191559593
damping,s3_n12_duck_b0.05_a0.35,3,12,duck,0.05,0.35,cycle,12,24,37,0.5442695852
damping,s4_n12_duck_b0.05_a0.35,4,12,duck,0.05,0.35,cycle,13,46,60,0.6531164494
damping,s5_n12_duck_b0.05_a0.35,5,12,duck,0.05,0.35,cycle,78,38,117,0.5302447733
damping,s6_n12_duck_b0.05_a0.35,6,12,duck,0.05,0.35,cycle,9,118,128,0.7509589867
damping,s7_n12_duck_b0.05_a0.35,7,12,duck,0.05,0.35,cycle,22,67,90,0.98921561
damping,s8_n12_duck_b0.05_a0.35,8,12,duck,0.05,0.35,cycle,61,22,84,1.294911281
damping,s9_n12_duck_b0.05_a0.35,9,12,duck,0.05,0.35,cycle,4,29,34,0.8355843735
damping,s10_n12_duck_b0.05_a0.35,10,12,duck,0.05,0.35,cycle,35,25,61,0.6318322847
damping,s11_n12_duck_b0.05_a0.35,11,12,duck,0.05,0.35,cycle,14,19,34,0.1475129218
damping,s12_n12_duck_b0.05_a0.35,12,12,duck,0.05,0.35,cycle,37,27,65,0.4212625826
damping,s13_n12_duck_b0.05_a0.35,13,12,duck,0.05,0.35,cycle,8,22,31,0.5253823239
damping,s14_n12_duck_b0.05_a0.35,14,12,duck,0.05,0.35,cycle,80,70,151,0.8975919767
damping,s15_n12_duck_b0.05_a0.35,15,12,duck,0.05,0.35,cycle,36,34,71,0.8134520955
damping,s0_n12_duck_b0.05_a0.5,0,12,duck,0.05,0.5,cycle,14,16,31,0.7157086611
damping,s1_n12_duck_b0.05_a0.5,1,12,duck,0.05,0.5,cycle,41,18,60,1.760101751
damping,s2_n12_duck_b0.05_a0.5,2,12,duck,0.05,0.5,cycle,8,30,39,1.936666667
damping,s3_n12_duck_b0.05_a0.5,3,12,duck,0.05,0.5,cycle,6,18,25,0.8708732434
damping,s4_n12_duck_b0.05_a0.5,4,12,duck,0.05,0.5,cycle,8,33,42,1.489686287
damping,s5_n12_duck_b0.05_a0.5,5,12,duck,0.05,0.5,cycle,12,83,96,0.8416056115
damping,s6_n12_duck_b0.05_a0.5,6,12,duck,0.05,0.5,cycle,12,17,30,1.527052499
damping,s7_n12_duck_b0.05_a0.5,7,12,duck,0.05,0.5,cycle,11,20,32,0.9322545374
damping,s8_n12_duck_b0.05_a0.5,8,12,duck,0.05,0.5,cycle,34,21,56,1.698828383
damping,s9_n12_duck_b0.05_a0.5,9,12,duck,0.05,0.5,cycle,6,15,22,2.18579408
damping,s10_n12_duck_b0.05_a0.5,10,12,duck,0.05,0.5,cycle,19,22,42,1.306009199
damping,s11_n12_duck_b0.05_a0.5,11,12,duck,0.05,0.5,cycle,3,13,17,0.3321445465
damping,s12_n12_duck_b0.05_a0.5,12,12,duck,0.05,0.5,cycle,3,18,22,0.6964278984
damping,s13_n12_duck_b0.05_a0.5,13,12,duck,0.05,0.5,cycle,8,15,24,0.8890000448
damping,s14_n12_duck_b0.05_a0.5,14,12,duck,0.05,0.5,cycle,64,16,81,1.983333333
damping,s15_n12_duck_b0.05_a0.5,15,12,duck,0.05,0.5,cycle,9,28,38,1.257534236
damping,s0_n12_duck_b0.05_a0.75,0,12,duck,0.05,0.75,cycle,2,10,13,1.982999214
damping,s1_n12_duck_b0.05_a0.75,1,12,duck,0.05,0.75,cycle,3,14,18,3.203571326
damping,s2_n12_duck_b0.05_a0.75,2,12,duck,0.05,0.75,cycle,27,9,37,2.371428571
damping,s3_n12_duck_b0.05_a0.75,3,12,duck,0.05,0.75,cycle,6,7,14,1.353098905
damping,s4_n12_duck_b0.05_a0.75,4,12,duck,0.05,0.75,cycle,4,35,40,2.61264687
damping,s5_n12_duck_b0.05_a0.75,5,12,duck,0.05,0.75,cycle,3,7,11,1.454285628
damping,s6_n12_duck_b0.05_a0.75,6,12,duck,0.05,0.75,cycle,12,29,42,1.721460935
damping,s7_n12_duck_b0.05_a0.75,7,12,duck,0.05,0.75,cycle,3,8,12,1.553571226
damping,s8_n12_duck_b0.05_a0.75,8,12,duck,0.05,0.75,cycle,8,12,21,2.871623484
damping,s9_n12_duck_b0.05_a0.75,9,12,duck,0.05,0.75,cycle,12,12,25,2.154913319
damping,s10_n12_duck_b0.05_a0.75,10,12,duck,0.05,0.75,cycle,3,11,15,2.392857454
damping,s11_n12_duck_b0.05_a0.75,11,12,duck,0.05,0.75,cycle,12,7,20,0.7962197802
damping,s12_n12_duck_b0.05_a0.75,12,12,duck,0.05,0.75,cycle,10,9,20,1.257000515
damping,s13_n12_duck_b0.05_a0.75,13,12,duck,0.05,0.75,cycle,6,8,15,1.207075018
damping,s14_n12_duck_b0.05_a0.75,14,12,duck,0.05,0.75,cycle,3,11,15,3.035714776
damping,s15_n12_duck_b0.05_a0.75,15,12,duck,0.05,0.75,cycle,3,11,15,1.871428878
damping,s0_n12_duck_b0.05_a1,0,12,duck,0.05,1,cycle,2,2,5,2.85
damping,s1_n12_duck_b0.05_a1,1,12,duck,0.05,1,cycle,2,1,4,3.8
damping,s2_n12_duck_b0.05_a1,2,12,duck,0.05,1,cycle,2,1,4,4.915
damping,s3_n12_duck_b0.05_a1,3,12,duck,0.05,1,cycle,2,1,4,2.015
damping,s4_n12_duck_b0.05_a1,4,12,duck,0.05,1,cycle,2,1,4,3.525
damping,s5_n12_duck_b0.05_a1,5,12,duck,0.05,1,cycle,2,1,4,2.545
damping,s6_n12_duck_b0.05_a1,6,12,duck,0.05,1,cycle,2,1,4,2.695
damping,s7_n12_duck_b0.05_a1,7,12,duck,0.05,1,cycle,2,3,6,3.2399982
damping,s8_n12_duck_b0.05_a1,8,12,duck,0.05,1,cycle,2,1,4,3.865
damping,s9_n12_duck_b0.05_a1,9,12,duck,0.05,1,cycle,2,1,4,3.95
damping,s10_n12_duck_b0.05_a1,10,12,duck,0.05,1,cycle,2,1,4,2.795
damping,s11_n12_duck_b0.05_a1,11,12,duck,0.05,1,cycle,2,1,4,1.37
damping,s12_n12_duck_b0.05_a1,12,12,duck,0.05,1,cycle,2,1,4,2.64
damping,s13_n12_duck_b0.05_a1,13,12,duck,0.05,1,cycle,2,1,4,1.905
damping,s14_n12_duck_b0.05_a1,14,12,duck,0.05,1,cycle,2,1,4,4.25
damping,s15_n12_duck_b0.05_a1,15,12,duck,0.05,1,cycle,2,1,4,2.185
phase1,s0_n8_duck_b0_a0.1,0,8,duck,0,0.1,fixed_point,,,1,2.220446049e-16
phase1,s0_n12_duck_b0_a0.1,0,12,duck,0,0.1,fixed_point,,,1,2.220446049e-16
phase1,s1_n8_duck_b0_a0.1,1,8,duck,0,0.1,fixed_point,,,1,2.220446049e-16
phase1,s1_n12_duck_b0_a0.1,1,12,duck,0,0.1,fixed_point,,,1,2.220446049e-16
phase1,s2_n8_duck_b0_a0.1,2,8,duck,0,0.1,fixed_point,,,1,2.220446049e-16
phase1,s2_n12_duck_b0_a0.1,2,12,duck,0,0.1,fixed_point,,,1,2.220446049e-16
phase1,s3_n8_duck_b0_a0.1,3,8,duck,0,0.1,fixed_point,,,1,2.220446049e-16
phase1,s3_n12_duck_b0_a0.1,3,12,duck,0,0.1,fixed_point,,,1,2.220446049e-16
phase1,s0_n8_duck_b0_a0.25,0,8,duck,0,0.25,fixed_point,,,1,0
phase1,s0_n12_duck_b0_a0.25,0,12,duck,0,0.25,fixed_point,,,1,0
phase1,s1_n8_duck_b0_a0.25,1,8,duck,0,0.25,fixed_point,,,1,0
phase1,s1_n12_duck_b0_a0.25,1,12,duck,0,0.25,fixed_point,,,1,0
phase1,s2_n8_duck_b0_a0.25,2,8,duck,0,0.25,fixed_point,,,1,0
phase1,s2_n12_duck_b0_a0.25,2,12,duck,0,0.25,fixed_point,,,1,0
phase1,s3_n8_duck_b0_a0.25,3,8,duck,0,0.25,fixed_point,,,1,0
phase1,s3_n12_duck_b0_a0.25,3,12,duck,0,0.25,fixed_point,,,1,0
phase1,s0_n8_duck_b0_a0.5,0,8,duck,0,0.5,fixed_point,,,1,0
phase1,s0_n12_duck_b0_a0.5,0,12,duck,0,0.5,fixed_point,,,1,0
phase1,s1_n8_duck_b0_a0.5,1,8,duck,0,0.5,fixed_point,,,1,0
phase1,s1_n12_duck_b0_a0.5,1,12,duck,0,0.5,fixed_point,,,1,0
phase1,s2_n8_duck_b0_a0.5,2,8,duck,0,0.5,fixed_point,,,1,0
phase1,s2_n12_duck_b0_a0.5,2,12,duck,0,0.5,fixed_point,,,1,0
phase1,s3_n8_duck_b0_a0.5,3,8,duck,0,0.5,fixed_point,,,1,0
phase1,s3_n12_duck_b0_a0.5,3,12,duck,0,0.5,fixed_point,,,1,0
phase1,s0_n8_duck_b0_a1,0,8,duck,0,1,fixed_point,,,1,0
phase1,s0_n12_duck_b0_a1,0,12,duck,0,1,fixed_point,,,1,0
phase1,s1_n8_duck_b0_a1,1,8,duck,0,1,fixed_point,,,1,0
phase1,s1_n12_duck_b0_a1,1,12,duck,0,1,fixed_point,,,1,0
phase1,s2_n8_duck_b0_a1,2,8,duck,0,1,fixed_point,,,1,0
phase1,s2_n12_duck_b0_a1,2,12,duck,0,1,fixed_point,,,1,0
phase1,s3_n8_duck_b0_a1,3,8,duck,0,1,fixed_point,,,1,0
phase1,s3_n12_duck_b0_a1,3,12,duck,0,1,fixed_point,,,1,0
phase1,s0_n8_duck_b0.002_a0.1,0,8,duck,0.002,0.1,fixed_point,,,40,9.361225863e-05
phase1,s0_n12_duck_b0.002_a0.1,0,12,duck,0.002,0.1,fixed_point,,,47,9.106962789e-05
phase1,s1_n8_duck_b0.002_a0.1,1,8,duck,0.002,0.1,fixed_point,,,24,9.217455644e-05
phase1,s1_n12_duck_b0.002_a0.1,1,12,duck,0.002,0.1,cycle,32,62,95,0.003333199118
phase1,s2_n8_duck_b0.002_a0.1,2,8,duck,0.002,0.1,fixed_point,,,39,9.707937932e-05
phase1,s2_n12_duck_b0.002_a0.1,2,12,duck,0.002,0.1,cycle,13,62,76,0.003069797859
phase1,s3_n8_duck_b0.002_a0.1,3,8,duck,0.002,0.1,fixed_point,,,39,9.525529321e-05
phase1,s3_n12_duck_b0.002_a0.1,3,12,duck,0.002,0.1,fixed_point,,,41,9.400641551e-05
phase1,s0_n8_duck_b0.002_a0.25,0,8,duck,0.002,0.25,fixed_point,,,19,8.033736912e-05
phase1,s0_n12_duck_b0.002_a0.25,0,12,duck,0.002,0.25,cycle,2,24,27,0.0001215324272
phase1,s1_n8_duck_b0.002_a0.25,1,8,duck,0.002,0.25,fixed_point,,,13,8.235851526e-05
phase1,s1_n12_duck_b0.002_a0.25,1,12,duck,0.002,0.25,cycle,12,23,36,0.007545523673
phase1,s2_n8_duck_b0.002_a0.25,2,8,duck,0.002,0.25,fixed_point,,,18,9.997539268e-05
phase1,s2_n12_duck_b0.002_a0.25,2,12,duck,0.002,0.25,cycle,3,22,26,0.01635844224
phase1,s3_n8_duck_b0.002_a0.25,3,8,duck,0.002,0.25,fixed_point,,,18,9.80979841e-05
phase1,s3_n12_duck_b0.002_a0.25,3,12,duck,0.002,0.25,fixed_point,,,19,8.964384081e-05
phase1,s0_n8_duck_b0.002_a0.5,0,8,duck,0.002,0.5,fixed_point,,,10,5.56640625e-05
phase1,s0_n12_duck_b0.002_a0.5,0,12,duck,0.002,0.5,cycle,2,10,13,0.0004078125
phase1,s1_n8_duck_b0.002_a0.5,1,8,duck,0.002,0.5,fixed_point,,,7,8.125e-05
phase1,s1_n12_duck_b0.002_a0.5,1,12,duck,0.002,0.5,cycle,3,10,14,0.02170898438
phase1,s2_n8_duck_b0.002_a0.5,2,8,duck,0.002,0.5,fixed_point,,,10,5.1953125e-05
phase1,s2_n12_duck_b0.002_a0.5,2,12,duck,0.002,0.5,cycle,3,10,14,0.01234755859
phase1,s3_n8_duck_b0.002_a0.5,3,8,duck,0.002,0.5,fixed_point,,,10,5.09781875e-05
phase1,s3_n12_duck_b0.002_a0.5,3,12,duck,0.002,0.5,fixed_point,,,10,6.2109375e-05
phase1,s0_n8_duck_b0.002_a1,0,8,duck,0.002,1,fixed_point,,,2,0
phase1,s0_n12_duck_b0.002_a1,0,12,duck,0.002,1,cycle,2,1,4,0.0012
phase1,s1_n8_duck_b0.002_a1,1,8,duck,0.002,1,fixed_point,,,2,0
phase1,s1_n12_duck_b0.002_a1,1,12,duck,0.002,1,cycle,2,1,4,0.152
phase1,s2_n8_duck_b0.002_a1,2,8,duck,0.002,1,fixed_point,,,2,0
phase1,s2_n12_duck_b0.002_a1,2,12,duck,0.002,1,cycle,2,1,4,0.1264
phase1,s3_n8_duck_b0.002_a1,3,8,duck,0.002,1,fixed_point,,,2,0
phase1,s3_n12_duck_b0.002_a1,3,12,duck,0.002,1,fixed_point,,,2,0
phase1,s0_n8_duck_b0.01_a0.1,0,8,duck,0.01,0.1,cycle,8,64,73,0.01081825836
phase1,s0_n12_duck_b0.01_a0.1,0,12,duck,0.01,0.1,max_iters,,,120,0.02716020772
phase1,s1_n8_duck_b0.01_a0.1,1,8,duck,0.01,0.1,fixed_point,,,39,9.488961888e-05
phase1,s1_n12_duck_b0.01_a0.1,1,12,duck,0.01,0.1,max_iters,,,120,0.04195779711
phase1,s2_n8_duck_b0.01_a0.1,2,8,duck,0.01,0.1,cycle,4,59,64,0.006282884991
phase1,s2_n12_duck_b0.01_a0.1,2,12,duck,0.01,0.1,max_iters,,,120,0.03326323255
phase1,s3_n8_duck_b0.01_a0.1,3,8,duck,0.01,0.1,cycle,17,67,85,0.00256800063
phase1,s3_n12_duck_b0.01_a0.1,3,12,duck,0.01,0.1,cycle,10,88,99,0.01405119851
phase1,s0_n8_duck_b0.01_a0.25,0,8,duck,0.01,0.25,cycle,5,25,31,0.03649788455
phase1,s0_n12_duck_b0.01_a0.25,0,12,duck,0.01,0.25,cycle,12,27,40,0.02199314521
phase1,s1_n8_duck_b0.01_a0.25,1,8,duck,0.01,0.25,fixed_point,,,18,9.772030864e-05
phase1,s1_n12_duck_b0.01_a0.25,1,12,duck,0.01,0.25,cycle,19,40,60,0.09740540406
phase1,s2_n8_duck_b0.01_a0.25,2,8,duck,0.01,0.25,cycle,7,25,33,0.02728342691
phase1,s2_n12_duck_b0.01_a0.25,2,12,duck,0.01,0.25,cycle,8,28,37,0.0902878665
phase1,s3_n8_duck_b0.01_a0.25,3,8,duck,0.01,0.25,cycle,6,25,32,0.0605454202
phase1,s3_n12_duck_b0.01_a0.25,3,12,duck,0.01,0.25,cycle,42,26,69,0.05171179731
phase1,s0_n8_duck_b0.01_a0.5,0,8,duck,0.01,0.5,cycle,2,11,14,0.09501159668
phase1,s0_n12_duck_b0.01_a0.5,0,12,duck,0.01,0.5,cycle,15,12,28,0.1453570658
phase1,s1_n8_duck_b0.01_a0.5,1,8,duck,0.01,0.5,fixed_point,,,10,5.078125e-05
phase1,s1_n12_duck_b0.01_a0.5,1,12,duck,0.01,0.5,cycle,5,13,19,0.2125810547
phase1,s2_n8_duck_b0.01_a0.5,2,8,duck,0.01,0.5,cycle,3,11,15,0.1140046387
phase1,s2_n12_duck_b0.01_a0.5,2,12,duck,0.01,0.5,cycle,13,30,44,0.2108724209
phase1,s3_n8_duck_b0.01_a0.5,3,8,duck,0.01,0.5,cycle,4,11,16,0.1218020566
phase1,s3_n12_duck_b0.01_a0.5,3,12,duck,0.01,0.5,cycle,10,11,22,0.1088778582
phase1,s0_n8_duck_b0.01_a1,0,8,duck,0.01,1,cycle,2,1,4,0.285
phase1,s0_n12_duck_b0.01_a1,0,12,duck,0.01,1,cycle,2,2,5,0.66099997
phase1,s1_n8_duck_b0.01_a1,1,8,duck,0.01,1,fixed_point,,,2,0
phase1,s1_n12_duck_b0.01_a1,1,12,duck,0.01,1,cycle,2,1,4,0.76
phase1,s2_n8_duck_b0.01_a1,2,8,duck,0.01,1,cycle,2,1,4,0.266
phase1,s2_n12_duck_b0.01_a1,2,12,duck,0.01,1,cycle,2,1,4,0.983
phase1,s3_n8_duck_b0.01_a1,3,8,duck,0.01,1,cycle,2,1,4,0.2609998636
phase1,s3_n12_duck_b0.01_a1,3,12,duck,0.01,1,cycle,2,1,4,0.318
phase1,s0_n8_duck_b0.05_a0.1,0,8,duck,0.05,0.1,max_iters,,,120,0.03690670578
phase1,s0_n12_duck_b0.05_a0.1,0,12,duck,0.05,0.1,max_iters,,,120,0.1275285425
phase1,s1_n8_duck_b0.05_a0.1,1,8,duck,0.05,0.1,cycle,4,57,62,0.01369368258
phase1,s1_n12_duck_b0.05_a0.1,1,12,duck,0.05,0.1,max_iters,,,120,0.2413284228
phase1,s2_n8_duck_b0.05_a0.1,2,8,duck,0.05,0.1,cycle,7,72,80,0.03316988625
phase1,s2_n12_duck_b0.05_a0.1,2,12,duck,0.05,0.1,max_iters,,,120,0.3519184122
phase1,s3_n8_duck_b0.05_a0.1,3,8,duck,0.05,0.1,max_iters,,,120,0.04103899646
phase1,s3_n12_duck_b0.05_a0.1,3,12,duck,0.05,0.1,max_iters,,,120,0.1485543251
phase1,s0_n8_duck_b0.05_a0.25,0,8,duck,0.05,0.25,cycle,39,28,68,0.06817304141
phase1,s0_n12_duck_b0.05_a0.25,0,12,duck,0.05,0.25,cycle,74,33,108,0.3975805457
phase1,s1_n8_duck_b0.05_a0.25,1,8,duck,0.05,0.25,cycle,4,27,32,0.05497461243
phase1,s1_n12_duck_b0.05_a0.25,1,12,duck,0.05,0.25,cycle,18,33,52,0.5323267921
phase1,s2_n8_duck_b0.05_a0.25,2,8,duck,0.05,0.25,cycle,16,28,45,0.08209177042
phase1,s2_n12_duck_b0.05_a0.25,2,12,duck,0.05,0.25,max_iters,,,120,0.9641014758
phase1,s3_n8_duck_b0.05_a0.25,3,8,duck,0.05,0.25,cycle,13,28,42,0.2370976885
phase1,s3_n12_duck_b0.05_a0.25,3,12,duck,0.05,0.25,cycle,14,42,57,0.5472470996
phase1,s0_n8_duck_b0.05_a0.5,0,8,duck,0.05,0.5,cycle,8,12,21,0.2160981798
phase1,s0_n12_duck_b0.05_a0.5,0,12,duck,0.05,0.5,cycle,14,16,31,0.7157086611
phase1,s1_n8_duck_b0.05_a0.5,1,8,duck,0.05,0.5,cycle,4,11,16,0.1213354492
phase1,s1_n12_duck_b0.05_a0.5,1,12,duck,0.05,0.5,cycle,41,18,60,1.760101751
phase1,s2_n8_duck_b0.05_a0.5,2,8,duck,0.05,0.5,cycle,6,12,19,0.1266661835
phase1,s2_n12_duck_b0.05_a0.5,2,12,duck,0.05,0.5,cycle,8,30,39,1.936666667
phase1,s3_n8_duck_b0.05_a0.5,3,8,duck,0.05,0.5,cycle,11,19,31,0.6062799119
phase1,s3_n12_duck_b0.05_a0.5,3,12,duck,0.05,0.5,cycle,6,18,25,0.8708732434
phase1,s0_n8_duck_b0.05_a1,0,8,duck,0.05,1,cycle,2,1,4,0.51500015
phase1,s0_n12_duck_b0.05_a1,0,12,duck,0.05,1,cycle,2,2,5,2.85
phase1,s1_n8_duck_b0.05_a1,1,8,duck,0.05,1,cycle,2,1,4,0.26
phase1,s1_n12_duck_b0.05_a1,1,12,duck,0.05,1,cycle,2,1,4,3.8
phase1,s2_n8_duck_b0.05_a1,2,8,duck,0.05,1,cycle,2,1,4,0.455
phase1,s2_n12_duck_b0.05_a1,2,12,duck,0.05,1,cycle,2,1,4,4.915
phase1,s3_n8_duck_b0.05_a1,3,8,duck,0.05,1,cycle,2,1,4,1.304999703
phase1,s3_n12_duck_b0.05_a1,3,12,duck,0.05,1,cycle,2,1,4,2.015
