key,authors,year,title,venue,identifier,evidence_tier,relevance,documented_in,local_files,notes
aaltodissertation,,,,,,institutional/grey,domain-context,EVSP_PRICE_FEEDBACK_NOVELTY_20260814.md,,Aalto dissertation; delivery EV routing plus DLMP clearing
acer2024,ACER,2024,Welfare Benefits of Co-Optimising Energy and Reserves,report,,institutional/grey,domain-context,AGENT2_DICTATOR_DECOMPOSITION_20260814.md,,regulator report; no DOI
admm-dr-study2023,,2023,Computational Performance Study on the ADMM Algorithm for a Demand Response Peak Shaving Application,IEEE Systems Journal,DOI: 10.1109/jsyst.2023.3234709,abstract-level,method-anchor,AGENT2_DICTATOR_DECOMPOSITION_20260814.md,,authors not captured
admm-mip-penalty,,,,arXiv,arXiv:2511.08750; DOI: 10.48550/arxiv.2511.08750,abstract-level,method-anchor,AGENT2_DICTATOR_DECOMPOSITION_20260814.md,,ADMM MIP penalty study; named by identifier only
afentoulis2025,Konstantinos D. Afentoulis and Stylianos I. Vagropoulos,2025,Are current demand response baseline designs suitable for electric vehicles? Policy insights from the independent aggregation business model,Applied Energy 396,10.1016/j.apenergy.2025.126281,audited-full-text,core-threat,HANDOFF_PRICE_MAKER_20260814.md;MARKET_MECHANISMS_AND_BUS_DR_20260814.md,11.pdf,kills EV baseline-gaming demonstration claim
aggnnicg,,,AGGNNI-CG,,arXiv:2401.03692,abstract-level,method-anchor,EXTERNAL_DEEP_DIVE_20260814.md;READING_QUEUE.md,,GNN-guided pricing for paratransit; year not stated
aggregator-contract-design2023,,2023,The aggregator's contract design problem in the electricity demand response market,Operational Research 23,DOI: 10.1007/s12351-023-00753-1,abstract-level,core-threat,AGENT4_ECONOMIC_THEORY_20260814.md,,authors not captured
alcaly1966,Alcaly & Klevorick,1966,,,DOI: 10.2307/1909864,abstract-level,method-anchor,AGENT2_DICTATOR_DECOMPOSITION_20260814.md,,refinement; named by DOI only
anderson,"Anderson, Granat, Plott & Shimomura",,Global Instability in Experimental General Equilibrium: The Scarf Example,Caltech preprint,DOI: 10.7907/pvhqy-8kz29,abstract-level,method-anchor,AGENT2_DICTATOR_DECOMPOSITION_20260814.md,,experimental Scarf confirmation; year not captured
andrianesis2022,"Andrianesis, P., Bertsimas, D., Caramanis, M.C. & Hogan, W.W.",2022,Computation of Convex Hull Prices in Electricity Markets with Non-Convexities using Dantzig-Wolfe Decomposition,IEEE Trans. Power Systems,10.1109/TPWRS.2021.3122000,abstract-level,core-threat,HANDOFF_PRICE_MAKER_20260814.md;EXTERNAL_DEEP_DIVE_20260814.md;READING_QUEUE.md;AGENT2_DICTATOR_DECOMPOSITION_20260814.md,,year cited as both 2021 and 2022; gates B3
anjos2018,"Anjos, M.F., Lodi, A. & Tanneau, M.",2018,A Decentralized Framework for the Optimal Coordination of Distributed Energy Resources,IEEE Transactions on Power Systems,DOI: 10.1109/tpwrs.2018.2867476,abstract-level,core-threat,AGENT2_DICTATOR_DECOMPOSITION_20260814.md,,DW coordination of MILP DERs; Lodi co-author
anunrojwong,"Anunrojwong, J., Balseiro, S. R., Besbes, O., & Xu, B.",2024,Battery Operations in Electricity Markets: Strategic Behavior and Distortions,arXiv; SSRN working paper,SSRN 4877753,abstract-level,core-threat,READING_QUEUE.md;AGENT1_MICROGRID_PRICE_FORMATION_20260814.md;AGENT4_ECONOMIC_THEORY_20260814.md,,gates B8; year not stated
approximationpredictions,,,Approximation Algorithms for Combinatorial Optimization with Predictions,,arXiv:2411.16600,abstract-level,method-anchor,EXTERNAL_DEEP_DIVE_20260814.md;READING_QUEUE.md,,offline learning-augmented framework; year not stated
arctic-ev-microgrids2025,,2025,Are Electric Vehicles a Solution for Arctic Isolated Microgrid Communities?,World Electric Vehicle Journal 16(3):128,mdpi.com/2032-6653/16/3/128,abstract-level,domain-context,AGENT1_MICROGRID_PRICE_FORMATION_20260814.md,,authors not captured
arrow-decentralization,Arrow-Hurwicz,,Decentralization and Computation in Resource Allocation,,,abstract-level,method-anchor,AGENT2_DICTATOR_DECOMPOSITION_20260814.md,,year and identifier not captured
arrow1951,"Arrow, K.J. & Hurwicz, L.",1951/1958,A Gradient Method for Approximating Saddle Points and Constrained Maxima,RAND P-223; reprinted as book chapter,RAND P-223; chapter DOI: 10.1007/978-3-0348-0439-4_2,abstract-level,method-anchor,AGENT2_DICTATOR_DECOMPOSITION_20260814.md,,Arrow-Hurwicz-Uzawa price dynamics
askeland2026,"Askeland, Bjarghov",2026,Strategic baseline manipulation in local flexibility markets: Market design and policy implications,,10.2139/ssrn.7050528,abstract-level,domain-context,HANDOFF_PRICE_MAKER_20260814.md,,baseline manipulation in local flexibility markets
bae2024,"Bae, Kulcsar, Gros",2024,Personalized dynamic pricing policy for electric vehicles: Reinforcement learning approach,,10.1016/j.trc.2024.104540,abstract-level,domain-context,HANDOFF_PRICE_MAKER_20260814.md,,RL station pricing without exact fleet feasibility
bai2017,"Bai, L., Wang, J., Wang, C., Chen, C., Li, F.",2017,Distribution Locational Marginal Pricing (DLMP) for Congestion Management and Voltage Support,IEEE Transactions on Power Systems 33(4):4061–4073,DOI: 10.1109/tpwrs.2017.2767632,abstract-level,domain-context,AGENT1_MICROGRID_PRICE_FORMATION_20260814.md,,seen in citation lists
bailey2025,"Bailey, M. R., Brown, D. P., Myers, E., Shaffer, B., & Wolak, F. A.",2025,Electric Vehicles and the Energy Transition: Unintended Consequences of Time-of-Use Pricing,American Economic Review: Insights 7(4):550–566,10.1257/aeri.20240476,abstract-level,core-threat,READING_QUEUE.md;AGENT4_ECONOMIC_THEORY_20260814.md,,empirical self-defeating-taker anchor
baldick,"Baldick, R.",,Restructured Electricity Markets: Market Power,UT Austin EE394V course notes,,institutional/grey,method-anchor,AGENT4_ECONOMIC_THEORY_20260814.md,,course notes; grey literature
baumol1964,"Baumol, W.J. & Fabian, T.",1964,"Decomposition, Pricing for Decentralization and External Economies",Management Science 11(1):1–32,10.1287/mnsc.11.1.1,abstract-level,method-anchor,READING_QUEUE.md;AGENT2_DICTATOR_DECOMPOSITION_20260814.md,,pricing-under-indivisibility spine; title not given
bichler2023,"Bichler, Knorr, Maldonado",2023,Pricing in Nonconvex Markets: How to Price Electricity in the Presence of Demand Response,,10.1287/isre.2022.1139,abstract-level,method-anchor,HANDOFF_PRICE_MAKER_20260814.md,,nonconvex pricing with demand response
bie2024,"Bie, Y., Qin, W., Wu, J.",2024,Optimal electric bus scheduling method under hybrid energy supply mode of photovoltaic–energy storage system–power grid,"Applied Energy 372, art. 123774",DOI: 10.1016/j.apenergy.2024.123774,abstract-level,domain-context,AGENT3_V2G_MOBILE_ENERGY_20260814.md,,
box-step-discrete,,,The Use of the Box Step Method in Discrete Optimization,,DOI: 10.1007/bfb0120702,abstract-level,method-anchor,AGENT2_DICTATOR_DECOMPOSITION_20260814.md,,companion piece; authors not captured
bragin2023,"Bragin, M.A.",2023,"Survey on Lagrangian Relaxation for MILP: Importance, Challenges, Historical Review, Recent Advancements, and Opportunities",arXiv,DOI: 10.48550/arxiv.2301.00573,abstract-level,core-threat,AGENT2_DICTATOR_DECOMPOSITION_20260814.md,,owns LR-as-price-coordination rhetoric
briant2008,"Briant, O., Lemaréchal, C., Meurdesoif, Ph., Michel, S., Perrot, N. & Vanderbeck, F.",2008,Comparison of Bundle and Classical Column Generation,Mathematical Programming,,abstract-level,method-anchor,READING_QUEUE.md;AGENT2_DICTATOR_DECOMPOSITION_20260814.md,,column generation stabilization foundation
brinkel2023,"Brinkel, N., Zijlstra, M., van Bezu, R., van Twuijver, T., Lampropoulos, I., van Sark, W.",2023,A comparative analysis of charging strategies for battery electric buses in wholesale electricity and ancillary services markets,"Transportation Research Part E 172, art. 103085",DOI: 10.1016/j.tre.2023.103085; PII S136655452300073X,abstract-level,domain-context,AGENT1_MICROGRID_PRICE_FORMATION_20260814.md;AGENT3_V2G_MOBILE_ENERGY_20260814.md,,reserves beat arbitrage benchmark
brown2018,"Brown, T. et al.",2018,"Synergies of sector coupling and transmission reinforcement in a cost-optimised, highly renewable European energy system",Energy,DOI: 10.1016/j.energy.2018.06.222,abstract-level,domain-context,AGENT2_DICTATOR_DECOMPOSITION_20260814.md,,
bruny-island-microgrid2020,,2020,Synergic integration of desalination and electric vehicle loads with hybrid micro-grid sizing and control: An Island Case Study,Energy Storage (Wiley),DOI: 10.1002/est2.104,abstract-level,domain-context,AGENT1_MICROGRID_PRICE_FORMATION_20260814.md,,authors not captured
burton1974,"Burton, Damon & Loughridge",1974,The Economics of Decomposition: Resource Allocation vs Transfer Pricing,Decision Sciences,DOI: 10.1111/j.1540-5915.1974.tb00617.x,abstract-level,method-anchor,AGENT2_DICTATOR_DECOMPOSITION_20260814.md,,
bus-charging-private-cars2024,,2024,Optimizing bus charging infrastructure by incorporating private car charging demands and uncertain solar photovoltaic generation,npj Sustainable Mobility (Nature Portfolio),DOI: 10.1038/s44333-024-00021-5,abstract-level,domain-context,AGENT1_MICROGRID_PRICE_FORMATION_20260814.md,,authors not captured
bus-depot-microgrid-codesign2024,,2024,Co-Design Optimization and Total Cost of Ownership Analysis of an Electric Bus Depot Microgrid with Photovoltaics and Energy Storage Systems,Energies 17(24):6233,mdpi.com/1996-1073/17/24/6233,abstract-level,core-threat,AGENT1_MICROGRID_PRICE_FORMATION_20260814.md,,depot-microgrid co-design; authors not captured
bus-fleet-flexibility-germany2024,,2024,Analyzing the flexibility potential of bus fleet operators in Germany,Smart Energy,DOI: 10.1016/j.segy.2024.100153,abstract-level,domain-context,AGENT1_MICROGRID_PRICE_FORMATION_20260814.md,,authors not captured
caines2017,Caines & Kizilkale,2017,,IEEE TAC,DOI: 10.1109/tac.2016.2637347,abstract-level,method-anchor,AGENT4_ECONOMIC_THEORY_20260814.md,,partially observed variant; named by DOI
caiso2011,CAISO Market Surveillance Committee,2011,Opinion on FERC Order 745,,,institutional/grey,method-anchor,AGENT4_ECONOMIC_THEORY_20260814.md,,grey regulatory literature
capacitysubscription2025,,2025,,Applied Energy 391,,abstract-level,domain-context,EXTERNAL_DEEP_DIVE_20260814.md;READING_QUEUE.md,,capacity subscription adequacy study; title not given
carvalho2022,"Carvalho, Lodi, Pedroso",2022,Computing equilibria for integer programming games,EJOR 303(3),10.1016/j.ejor.2022.03.048,abstract-level,method-anchor,EXTERNAL_DEEP_DIVE_20260814.md,,sample generation method for IPG equilibria
carvalho2023,"Carvalho, Dragotto, Lodi, Sankaranarayanan",2023,Integer Programming Games: A Gentle Computational Overview,INFORMS TutORials,arXiv:2306.02817,abstract-level,method-anchor,EXTERNAL_DEEP_DIVE_20260814.md;READING_QUEUE.md,,IPG orientation tutorial; complexity and algorithms
carvalho2024,"Carvalho, Dragotto, Feijoo, Lodi, Sankaranarayanan",2024,When Nash Meets Stackelberg,Management Science 70(10),10.1287/mnsc.2022.03418,abstract-level,core-threat,EXTERNAL_DEEP_DIVE_20260814.md;READING_QUEUE.md,,NASP kills Nash-among-Stackelberg claim; arXiv:1910.06452
carvalho2025,"Carvalho, Dragotto, Lodi, Sankaranarayanan",2025,The Cut-and-Play Algorithm: Computing Nash Equilibria via Outer Approximations,Operations Research,10.1287/opre.2023.0327,abstract-level,method-anchor,EXTERNAL_DEEP_DIVE_20260814.md;READING_QUEUE.md,,outer-approximation Nash equilibrium computation
carvalhosurvey,"Carvalho, Dragotto, Lodi, Sankaranarayanan",,Integer Programming Games,,10.1561/2400000040,abstract-level,method-anchor,EXTERNAL_DEEP_DIVE_20260814.md,,IPG survey volume; year not stated
cascading-mef2025,,2025,Cascading marginal emissions signals for green charging with growing electric vehicle adoption,Nature Communications,article s41467-025-64979-7,abstract-level,domain-context,AGENT4_ECONOMIC_THEORY_20260814.md,,identifier unverified; DOI not displayed
ch-price-benchmark,,,,arXiv,arXiv:2504.01474,abstract-level,method-anchor,AGENT2_DICTATOR_DECOMPOSITION_20260814.md,,CH-price first-order benchmark; named by identifier
chalmers-electrolyzers,,,Effect of large-scale variable electric loads and operation strategy in decentralized electricity markets: Case of large electrolyzers,Chalmers,,abstract-level,domain-context,AGENT4_ECONOMIC_THEORY_20260814.md,,identifier unverified; no DOI observed
chao1986,"Chao, Oren, Smith & Wilson",1986,Multilevel demand subscription pricing for electric power,Energy Economics 8(4):199–217,DOI: 10.1016/0140-9883(86)90001-0,abstract-level,method-anchor,AGENT4_ECONOMIC_THEORY_20260814.md,,
chao1987,"Chao, H.-p., & Wilson, R.",1987,"Priority Service: Pricing, Investment, and Market Organization",American Economic Review 77(5):899–916,,abstract-level,core-threat,AGENT4_ECONOMIC_THEORY_20260814.md,,identifier unverified; founding menu literature
chen2026,"Sheng Chen, Han Zhang, Qiuwei Wu, Peiyue Li, and Zhinong Wei",2026,Learning the Price Response of Spatiotemporal EV Charging Flow: A Graph-Attentive Surrogate Model,IEEE Transactions on Transportation Electrification 12(2),10.1109/TTE.2026.3657374,audited-full-text,core-threat,HANDOFF_PRICE_MAKER_20260814.md;ROUTE_AND_RESPONSE_LEARNING_20260814.md,Learning_the_Price_Response_of_Spatiotemporal_EV_Charging_Flow_A_Graph-Attentive_Surrogate_Model.pdf,kills GNN price-response charging surrogate claim
cho2025,"Cho, Lodi, Scaglione",2025,Electric Vehicle Scheduling and Vehicle-to-Grid Integration in Microgrids,arXiv,arXiv:2508.06752; DOI: 10.48550/arxiv.2508.06752,abstract-level,core-threat,AGENT1_MICROGRID_PRICE_FORMATION_20260814.md;AGENT2_DICTATOR_DECOMPOSITION_20260814.md;AGENT3_V2G_MOBILE_ENERGY_20260814.md,,own work
clairand2020,"Clairand, J.-M., et al.",2020,Power Generation Planning of Galapagos Microgrid Considering Electric Vehicles and Induction Stoves,Energies 13(13):3455,mdpi PDF: energies-13-03455,abstract-level,domain-context,AGENT1_MICROGRID_PRICE_FORMATION_20260814.md,,
clp-evsp-csp,,,,arXiv,arXiv 2403.09763,abstract-level,domain-context,AGENT3_V2G_MOBILE_ENERGY_20260814.md,,CLP-EVSP-CSP charging-location choice; identifier only
clpevspcsp,,,,,arXiv:2403.09763,abstract-level,domain-context,EVSP_PRICE_FEEDBACK_NOVELTY_20260814.md,,CLP-EVSP-CSP co-optimization line; title not given
coase1937,Coase,1937,The Nature of the Firm,,,abstract-level,method-anchor,AGENT4_ECONOMIC_THEORY_20260814.md,,classic; no DOI
convexhullpricingsurvey2024,,2024,"Convex Hull Pricing for Unit Commitment: Survey, Insights, and Discussions",Energies 17(19):4851,10.3390/en17194851,abstract-level,method-anchor,EXTERNAL_DEEP_DIVE_20260814.md;READING_QUEUE.md,,convex hull pricing survey; mostly supply-side
coordination-games-graphs2022,,2022,Coordination Games on Weighted Directed Graphs,Mathematics of Operations Research,DOI: 10.1287/moor.2021.1159,abstract-level,method-anchor,AGENT4_ECONOMIC_THEORY_20260814.md,,authors not captured
cornelusse2019,"Cornélusse, B., Savelli, I., Paoletti, S., Giannitrapani, A., Vicino, A.",2019,A community microgrid architecture with an internal local market,Applied Energy,10.1016/j.apenergy.2019.03.109,abstract-level,core-threat,READING_QUEUE.md;AGENT1_MICROGRID_PRICE_FORMATION_20260814.md,,no-vehicles dictator-market precedent
cross-line-depot-config2026,,2026,Coordinated Optimization of Cross-Line Electric Bus Scheduling and Photovoltaic–Storage–Charging Depot Configuration,Energies 19(7):1791,DOI: 10.3390/en19071791,abstract-level,core-threat,AGENT1_MICROGRID_PRICE_FORMATION_20260814.md,,joint scheduling plus sizing; authors not captured
crozier,"Crozier, C., et al.",2023,Spatial Arbitrage Through Bidirectional Electric Vehicle Charging with Delivery Fleets,arXiv,arXiv:2311.11464,abstract-level,domain-context,READING_QUEUE.md;AGENT3_V2G_MOBILE_ENERGY_20260814.md,,mobile-energy economics for B24; year not stated
cui2021,"Cui, Hu & Duan",2021,,,DOI: 10.1109/tsg.2021.3053026,abstract-level,domain-context,AGENT2_DICTATOR_DECOMPOSITION_20260814.md,,named by DOI only
dagstuhl2024,,2024,Machine Learning Augmented Algorithms for Combinatorial Optimization,Dagstuhl Report 14(10),,institutional/grey,method-anchor,EXTERNAL_DEEP_DIVE_20260814.md;READING_QUEUE.md,,poses ML-augmented CG guarantees as open
dantzig1960,"Dantzig, G.B. & Wolfe, P.",1960,Decomposition Principle for Linear Programs,Operations Research 8(1):101–111,DOI: 10.1287/opre.8.1.101,abstract-level,method-anchor,AGENT2_DICTATOR_DECOMPOSITION_20260814.md,,original price-directed decomposition
dantzigwolfebilevel2025,,2025,A Dantzig-Wolfe Single-Level Reformulation for Mixed-Integer Linear Bilevel Optimization: Exact and Heuristic Approaches,Optimization Online,,abstract-level,core-threat,EXTERNAL_DEEP_DIVE_20260814.md;READING_QUEUE.md,,closest neighbor to duty-columns-in-bilevel; priority read
decision-focused-learning2024,,2024,Decision-focused learning under decision dependent uncertainty for power systems with price-responsive demand,Electric Power Systems Research,ScienceDirect S0378779624005510,abstract-level,core-threat,AGENT4_ECONOMIC_THEORY_20260814.md,,authors not captured; DOI not captured
decisiondependent2025,,2025,Decision-Dependent Stochastic Optimization: The Role of Distribution Dynamics,,arXiv:2503.07324,abstract-level,method-anchor,EXTERNAL_DEEP_DIVE_20260814.md;READING_QUEUE.md,,stateful decision-dependent distribution dynamics
decisionfocused2025,,2025,Decision-Focused Surrogate Modeling for Mixed-Integer Linear Optimization,,,abstract-level,method-anchor,EXTERNAL_DEEP_DIVE_20260814.md;READING_QUEUE.md,,2025 preprint; learned parametric cutting planes
deori2018,"Luca Deori, Kostas Margellos, and Maria Prandini",2018,Price of anarchy in electric vehicle charging control games: When Nash equilibria achieve social welfare,Automatica 96,10.1016/j.automatica.2018.06.043,audited-full-text,core-threat,HANDOFF_PRICE_MAKER_20260814.md;MARKET_MECHANISMS_AND_BUS_DR_20260814.md,1251251.pdf;S0005109818303352.html,kills continuous charging-game potential and price-of-anarchy claims
der-aggregator-lem2021,,2021,Integration of DERs in the Aggregator Platform for the Optimal Participation in Wholesale and Local Electricity Markets,IET conference,DOI: 10.1049/icp.2021.1657,abstract-level,domain-context,AGENT1_MICROGRID_PRICE_FORMATION_20260814.md,,only local-market price-maker found; authors not captured
deviveroserrano2019,"De Vivero-Serrano, Bruninx, Delarue",2019,Implications of bid structures on the offering strategies of merchant energy storage systems,,10.1016/j.apenergy.2019.113375,abstract-level,domain-context,HANDOFF_PRICE_MAKER_20260814.md;READING_QUEUE.md,,priority PDF request; bid structures for storage
dignazio2024,"D'Ignazio, K.A.",2024,The Electric Bus Rostering and Charging Scheduling Problem with Uncertain Energy Consumption: a Two-Stage Stochastic Programming Approach,HEC Montréal MSc thesis,biblos.hec.ca,institutional/grey,domain-context,AGENT3_V2G_MOBILE_ENERGY_20260814.md,,thesis; transportation-side recourse
ding2022,"Yanyan Ding, Sen Li, and Sisi Jian",2022,Optimal pricing and fleet management for shared electric vehicle in coupled power and transport networks,Transportation Research Part C 141,10.1016/j.trc.2022.103727,audited-full-text,core-threat,HANDOFF_PRICE_MAKER_20260814.md;ROUTE_AND_RESPONSE_LEARNING_20260814.md,main2.pdf,kills platform-DNO Nash/Stackelberg EV incentive claim
dlmp-congestion-ev2025,,2025,DLMP-Based Congestion Management Model for Power Distribution Network Considering Network Loss and EV Charging Demand Uncertainty,IEEE Transactions on Smart Grid,DOI: 10.1109/tsg.2025.3631315,abstract-level,core-threat,AGENT1_MICROGRID_PRICE_FORMATION_20260814.md,,iterative DSO-EVA price loop; authors not captured
dlmp-ev-aggregator-bilevel2020,,2020,DLMP Calculation and Congestion Minimization With EV Aggregator Loading in a Distribution Network Using Bilevel Program,IEEE Systems Journal,DOI: 10.1109/jsyst.2020.2997189,abstract-level,core-threat,AGENT1_MICROGRID_PRICE_FORMATION_20260814.md,,price-anticipating EV aggregator; authors not captured
dlmp-flexibility-quantification2022,,2022,DLMP-Based Quantification and Analysis Method of Operational Flexibility in Flexible Distribution Networks,IEEE Trans. Sustainable Energy,DOI: 10.1109/tste.2022.3197175,abstract-level,domain-context,AGENT1_MICROGRID_PRICE_FORMATION_20260814.md,,authors not captured
dolatabadi2025,"Hosseini Dolatabadi, S.H., Dong, Y., Bhuiyan, T.H., Zeng, B., O'Neill, B., Severson, A.",2025,Leveraging Electric School Buses for Disaster Recovery: Optimizing Routing and Energy Scheduling via Branch-and-Price,arXiv,arXiv:2510.14131,abstract-level,core-threat,READING_QUEUE.md;AGENT3_V2G_MOBILE_ENERGY_20260814.md,,most method-similar external group; title abbreviated in source
double-auction-lem-simulation2022,,2022,Simulation Analysis of a Double Auction-Based Local Energy Market in Socio-Economic Context,Sustainability 14(13):7642,DOI: 10.3390/su14137642,abstract-level,domain-context,AGENT1_MICROGRID_PRICE_FORMATION_20260814.md,,authors not captured
dr-vcg2017,,2017,Contract Design for Energy Demand Response,IJCAI 2017,DOI: 10.24963/ijcai.2017/167; arXiv:1705.07300,abstract-level,core-threat,AGENT4_ECONOMIC_THEORY_20260814.md,,DR-VCG; authors not captured
dragotto2023,"Dragotto, Scatamacchia",2023,The Zero Regrets Algorithm: Optimizing over Pure Nash Equilibria via Integer Programming,INFORMS J. Computing,10.1287/ijoc.2022.0282,abstract-level,core-threat,EXTERNAL_DEEP_DIVE_20260814.md;READING_QUEUE.md,,kills generic cutting-plane equilibrium-oracle claim
dtu-ebus-as-thesis2025,,2025,Maximizing revenue from ancillary services provided by electric buses,DTU MSc thesis,backend.orbit.dtu.dk,institutional/grey,domain-context,AGENT3_V2G_MOBILE_ENERGY_20260814.md,,thesis; author not captured
dtuclsthesis2023,,2023,,,,institutional/grey,domain-context,EXTERNAL_DEEP_DIVE_20260814.md;READING_QUEUE.md,,DTU thesis standardizing CLS market clearing; title not given
dtuebusthesis2024,,2024/25,,,,institutional/grey,domain-context,EXTERNAL_DEEP_DIVE_20260814.md,,DTU MSc thesis; e-bus FCR-D/aFRR bidding in DK2
dual-consensus-dispatch,,,,,DOI: 10.1109/tsg.2020.3018622,abstract-level,domain-context,AGENT1_MICROGRID_PRICE_FORMATION_20260814.md,,dual-consensus economic dispatch; named by DOI only
duan2020,"Duan, X., Hu, Z., Song, Y.",2020,Bidding Strategies in Energy and Reserve Markets for an Aggregator of Multiple EV Fast Charging Stations With Battery Storage,IEEE Trans. ITS 22(1):471–482,DOI: 10.1109/tits.2020.3019608,abstract-level,domain-context,AGENT1_MICROGRID_PRICE_FORMATION_20260814.md,,seen in citations
dumerle1999,"du Merle, O., Villeneuve, D., Desrosiers, J. & Hansen, P.",1999,Stabilized Column Generation,Discrete Mathematics,10.1016/s0012-365x(98)00213-1,abstract-level,method-anchor,READING_QUEUE.md;AGENT2_DICTATOR_DECOMPOSITION_20260814.md,,stabilized column generation foundation
dumouchelle2024,Dumouchelle et al.,2024,Neur2BiLO: Neural Bilevel Optimization,,10.52202/079017-2752,abstract-level,method-anchor,HANDOFF_PRICE_MAKER_20260814.md;EXTERNAL_DEEP_DIVE_20260814.md,,learned value-function surrogates for bilevel
duos-tariffs-flexibility2024,,2024,Integrating Variable Distribution Use-of-System Tariffs and Local Flexibility Markets through a Bilevel Modelling Approach,DTU / EV4EU project paper,ev4eu.eu PDF,institutional/grey,domain-context,AGENT1_MICROGRID_PRICE_FORMATION_20260814.md,,project paper; authors not captured
dynge2023,Dynge et al.,2023,"Local electricity market pricing mechanisms' impact on welfare distribution, privacy and transparency",Applied Energy 341:121112,DOI: 10.1016/j.apenergy.2023.121112,abstract-level,domain-context,AGENT1_MICROGRID_PRICE_FORMATION_20260814.md,,seen in citation lists
eb-operator-bidding2022,,2022,Bidding and Charging Scheduling Optimization for the Urban Electric Bus Operator,IEEE Transactions on Smart Grid,DOI: 10.1109/tsg.2022.3197429,abstract-level,core-threat,AGENT1_MICROGRID_PRICE_FORMATION_20260814.md,,trip-chain flexibility bidding; authors not captured
eb-swapping-fcas2024,,2024,Optimal Electric Bus Charging and Battery Swapping With Renewable Energy and Frequency Control Ancillary Service Through Aggregator,IEEE Trans. Transportation Electrification,DOI: 10.1109/tte.2024.3445830,abstract-level,domain-context,AGENT3_V2G_MOBILE_ENERGY_20260814.md,,authors not captured
eb-timetable-shifting2023,,2023,Integrated optimization of electric bus scheduling and charging planning incorporating flexible charging and timetable shifting,TRC,DOI: 10.1016/j.trc.2023.104175,abstract-level,domain-context,AGENT3_V2G_MOBILE_ENERGY_20260814.md,,authors not captured
ebus-control-arxiv2309,,,,arXiv,arXiv:2309.00523,abstract-level,core-threat,AGENT2_DICTATOR_DECOMPOSITION_20260814.md,,LR plus dual decomposition e-bus control
ebus-lr-applied-energy,,,,Applied Energy,PII S030626192201769X,abstract-level,core-threat,AGENT2_DICTATOR_DECOMPOSITION_20260814.md,,per-bus LR charging scheduling; named by PII
elastic-flexible-uc2023,,2023,Elastic flexible unit commitment: A scenario-based power-electric fleet analysis,International Journal of Electrical Power & Energy Systems,,abstract-level,domain-context,AGENT2_DICTATOR_DECOMPOSITION_20260814.md,,identifier unverified; DOI not observed
electricbustou2025,,2025,Optimization of electric bus vehicle scheduling and charging strategies under Time-of-Use electricity price,Transp. Res. Part E 196,,abstract-level,domain-context,EVSP_PRICE_FEEDBACK_NOVELTY_20260814.md,,MIP plus dynamic-label-setting branch-and-price
electricitymaps,Electricity Maps,,Optimizing electricity consumption with a marginal signal may not reduce its carbon footprint,,,institutional/grey,domain-context,AGENT4_ECONOMIC_THEORY_20260814.md,,grey literature
electrolyzer-market-values2022,,2022,How flexible electricity demand stabilizes wind and solar market values: The case of hydrogen electrolyzers,Applied Energy 307,,abstract-level,domain-context,AGENT4_ECONOMIC_THEORY_20260814.md,,identifier unverified; RePEc listing
eltaweel2022,"El-Taweel, N.A., Ayad, A., Farag, H.E.Z., Mohamed, M.",2022/2023,Optimal Energy Management for Battery Swapping Based Electric Bus Fleets With Consideration of Grid Ancillary Services Provision,IEEE Trans. Sustainable Energy 14(2):1024–1036,DOI: 10.1109/tste.2022.3232696,abstract-level,domain-context,AGENT3_V2G_MOBILE_ENERGY_20260814.md,,
emobility-hub-strategy2024,,2024,"Development of a Cost-Driven, Real-Time Management Strategy for e-Mobility Hubs Including Islanded Operation",Energies 17(17):4229,DOI: 10.3390/en17174229,abstract-level,domain-context,AGENT1_MICROGRID_PRICE_FORMATION_20260814.md,,authors not captured
energies2022review,,2022,,Energies,,abstract-level,domain-context,EVSP_PRICE_FEEDBACK_NOVELTY_20260814.md,,e-bus scheduling/timetabling/grid-impact review; title not given
energy-hub-smpc2026,,2026,Scenario-Based Stochastic MPC for Energy Hubs with EV Fleets Under Persistent Grid Outages,arXiv,DOI: 10.48550/arxiv.2604.18268,abstract-level,domain-context,AGENT1_MICROGRID_PRICE_FORMATION_20260814.md,,authors not captured
esb-backup-power2024,,2024,Resilience and environmental benefits of electric school buses as backup power for educational functions continuation during outages,"Building and Environment, art. 112329",DOI: 10.1016/j.buildenv.2024.112329,abstract-level,domain-context,AGENT3_V2G_MOBILE_ENERGY_20260814.md,,authors not captured
euphemiadescription,NEMO Committee / Nord Pool,,EUPHEMIA public description,,,institutional/grey,domain-context,EXTERNAL_DEEP_DIVE_20260814.md;READING_QUEUE.md,,market description; verify current exclusive-group rules
ev-dlmp-implications2024,,2024,Electric Vehicle Charging Implications on Distribution Locational Marginal Prices,EEM 2024,DOI: 10.1109/eem60825.2024.10608919,abstract-level,domain-context,AGENT1_MICROGRID_PRICE_FORMATION_20260814.md,,authors not captured
ev-herding-demo2025,,2025,Herding from Uncoordinated Smart Charging of EVs: A Real-Life Demonstration,IEEE ISGT Europe 2025,DOI: 10.1109/isgteurope64741.2025.11305626,abstract-level,domain-context,AGENT4_ECONOMIC_THEORY_20260814.md,,authors not captured
ev-microgrid-double-auction,,,,,DOI: 10.1007/s40866-023-00178-x,abstract-level,core-threat,AGENT1_MICROGRID_PRICE_FORMATION_20260814.md,,EV microgrid double-auction comparison; DOI only
eva-stackelberg2023,,2023,An Optimized Decision Model for Electric Vehicle Aggregator Participation in the Electricity Market Based on the Stackelberg Game,Sustainability 15(20):15127,DOI: 10.3390/su152015127,abstract-level,domain-context,AGENT1_MICROGRID_PRICE_FORMATION_20260814.md;AGENT2_DICTATOR_DECOMPOSITION_20260814.md,,authors not captured
evsp-capacitated-charging,,,Electric Vehicle Scheduling in Public Transit with Capacitated Charging Stations,Transportation Science,DOI: 10.1287/trsc.2022.0253,abstract-level,domain-context,AGENT2_DICTATOR_DECOMPOSITION_20260814.md,,authors and year not captured
fang2022,"Xichen Fang, Hongye Guo, Xian Zhang, Xuanyuan Wang, and Qixin Chen",2022,An efficient and incentive-compatible market design for energy storage participation,Applied Energy 311,10.1016/j.apenergy.2022.118731,audited-full-text,core-threat,HANDOFF_PRICE_MAKER_20260814.md;MARKET_MECHANISMS_AND_BUS_DR_20260814.md,525.pdf;S030626192200188X.html,kills storage VCG plus Nash-bargaining settlement claim
fanzeres2020,"Fanzeres, Street, Pozo",c. 2020-2021,column-and-constraint generation for Nash equilibria in pool-based electricity markets,,,abstract-level,core-threat,EXTERNAL_DEEP_DIVE_20260814.md;READING_QUEUE.md,,identifier unverified; exact citation to verify
farzin2016,"Farzin, H., Fotuhi-Firuzabad, M., Moeini-Aghtaie, M.",2016,A Practical Scheme to Involve Degradation Cost of Lithium-Ion Batteries in Vehicle-to-Grid Applications,IEEE Trans. Sustainable Energy 7(4):1730–1738,DOI: 10.1109/tste.2016.2558500,abstract-level,domain-context,AGENT3_V2G_MOBILE_ENERGY_20260814.md,,seen via citation trail
feedback-pricing-dr,,,,arXiv,arXiv:2603.15983,abstract-level,domain-context,AGENT4_ECONOMIC_THEORY_20260814.md,,stochastic feedback-pricing DR; named by identifier
fei2023,"Fei, F., Sun, W., Iacobucci, R., Schmöcker, J.-D.",2023,Exploring the profitability of using electric bus fleets for transport and power grid services,"Transportation Research Part C 149, art. 104060",,abstract-level,core-threat,AGENT3_V2G_MOBILE_ENERGY_20260814.md,,identifier unverified; DOI not directly observed
ferc2011,FERC,2011,FERC Order 745,,,institutional/grey,method-anchor,AGENT4_ECONOMIC_THEORY_20260814.md,,regulatory order
fischetti2017,"Fischetti, Ljubić, Monaci, Sinnl",2017,A new general-purpose algorithm for mixed-integer bilevel linear programs,Operations Research 65(6),,abstract-level,method-anchor,EXTERNAL_DEEP_DIVE_20260814.md;READING_QUEUE.md,,intersection-cut branch-and-cut for MIBLP
fleet-mef-v2g2023,,2023,Reducing Marginal Emissions of an Electric Vehicle Fleet through Smart Charging and Vehicle-to-grid,IEEE ISGT Europe 2023,DOI: 10.1109/isgteurope56780.2023.10407696,abstract-level,domain-context,AGENT4_ECONOMIC_THEORY_20260814.md,,authors not captured
frangioni2002,"Frangioni, A.",2002,Generalized Bundle Methods,SIAM Journal on Optimization 13(1):117–156,10.1137/s1052623498342186,abstract-level,method-anchor,READING_QUEUE.md;AGENT2_DICTATOR_DECOMPOSITION_20260814.md,,bundle methods foundation
frangioni2013,"Frangioni, A. & Gendron, B.",2013,A Stabilized Structured Dantzig-Wolfe Decomposition Method,Mathematical Programming,DOI: 10.1007/s10107-012-0626-8,abstract-level,method-anchor,AGENT2_DICTATOR_DECOMPOSITION_20260814.md,,
gan2013,"Gan, L., Topcu, U. & Low, S.H.",2013,Optimal Decentralized Protocol for Electric Vehicle Charging,IEEE Transactions on Power Systems,10.1109/TPWRS.2012.2210288,abstract-level,core-threat,READING_QUEUE.md;AGENT2_DICTATOR_DECOMPOSITION_20260814.md;AGENT4_ECONOMIC_THEORY_20260814.md,,oscillation/damping canon; title not given
gan2020,"Gan, Shahidehpour et al.",2020,Coordinated Planning of Transportation and Electric Power Networks...,,DOI: 10.1109/tsg.2020.2989751,abstract-level,domain-context,AGENT2_DICTATOR_DECOMPOSITION_20260814.md,,title truncated in source
generatingeuphemiabids2026,,2026,Generating EUPHEMIA-compatible bids for flexible demand under imperfect information,,arXiv:2606.24183,abstract-level,core-threat,EXTERNAL_DEEP_DIVE_20260814.md;READING_QUEUE.md,,2026 follow-up in block-bid novelty threat
gerad-g-2024-28,,,,GERAD,G-2024-28,institutional/grey,domain-context,AGENT3_V2G_MOBILE_ENERGY_20260814.md,,B&P EVSP plus charger location; identifier only
gerbaux2025,"Gerbaux, Desaulniers, Cappart",2025,A machine-learning-based column generation heuristic for electric bus scheduling,,10.1016/j.cor.2024.106848,abstract-level,method-anchor,HANDOFF_PRICE_MAKER_20260814.md,,ML-accelerated column generation for electric buses
gerding2011,"Gerding, E. H., Robu, V., Stein, S., Parkes, D. C., Rogers, A., & Jennings, N. R.",2011,Online mechanism design for electric vehicle charging,AAMAS 2011,DOI: 10.5555/2031678.2031733,abstract-level,core-threat,AGENT4_ECONOMIC_THEORY_20260814.md,,private availability-window types
gomory1960,"Gomory, R.E. & Baumol, W.J.",1960,Integer Programming and Pricing,Econometrica 28(3),DOI: 10.2307/1910130,abstract-level,method-anchor,AGENT2_DICTATOR_DECOMPOSITION_20260814.md,,first IP shadow prices
gonzalezvaya2015,"González Vayá, M., & Andersson, G.",2015,Optimal Bidding Strategy of a Plug-In Electric Vehicle Aggregator in Day-Ahead Electricity Markets Under Uncertainty,IEEE Transactions on Power Systems,10.1109/TPWRS.2014.2363159,audited-full-text,core-threat,HANDOFF_PRICE_MAKER_20260814.md;BIDDING_GAMES_20260814.md;EVSP_PRICE_FEEDBACK_NOVELTY_20260814.md;AGENT4_ECONOMIC_THEORY_20260814.md,Optimal_Bidding_Strategy_of_a_Plug-In_Electric_Vehicle_Aggregator_in_Day-Ahead_Electricity_Markets_Under_Uncertainty.pdf,kills price-maker EV aggregator bilevel MPEC claim
gop2p2022,Energy Systems TCP GO-P2P Annex,2022,"Peer-to-Peer, Community Self-Consumption and Transactive Energy: A Systematic Literature Review of Local Energy Market Models",userstcp.org,userstcp.org PDF,institutional/grey,domain-context,AGENT1_MICROGRID_PRICE_FORMATION_20260814.md,,systematic review of 139 papers
graph-benders-etrucks2026,,2026,"A Graph-Benders Decomposition for Integrated Electric Trucks Routing, Cargo Loading, and V2G Scheduling",IEEE TITS,DOI: 10.1109/tits.2026.3707595,abstract-level,core-threat,AGENT3_V2G_MOBILE_ENERGY_20260814.md,,nearest exact-framework competitor; authors not captured
gribik2007,"Gribik, P.R., Hogan, W.W. & Pope, S.L.",2007,Market-Clearing Electricity Prices and Energy Uplift,working paper (lmpmarketdesign.com),,institutional/grey,method-anchor,READING_QUEUE.md;AGENT2_DICTATOR_DECOMPOSITION_20260814.md,,working paper; pricing-under-indivisibility spine
gridawarecharging2026,,2026,Grid-Aware Charging and Operational Optimization for Mixed-Fleet Public Transit,,arXiv:2601.08753,abstract-level,domain-context,EXTERNAL_DEEP_DIVE_20260814.md,,operations only; exogenous prices; Chattanooga
hammerstrom2008,"Hammerstrom, D.J., et al.",2008,Pacific Northwest GridWise Testbed Demonstration Projects; Part I. Olympic Peninsula Project,Pacific Northwest National Laboratory,PNNL-17167; companion DOI: 10.1109/PES.2008.4596723,institutional/grey,core-threat,AGENT1_MICROGRID_PRICE_FORMATION_20260814.md,,Olympic Peninsula demo; companion Chassin paper merged
hardt2022,"Hardt, M., Jagadeesan, M., & Mendler-Dünner, C.",2022,Performative Power,NeurIPS 2022,,abstract-level,core-threat,READING_QUEUE.md;AGENT4_ECONOMIC_THEORY_20260814.md,,gates B11
hardt2023,"Hardt, M., & Mendler-Dünner, C.",2023,Performative Prediction: Past and Future,arXiv,arXiv:2310.16608,abstract-level,method-anchor,AGENT4_ECONOMIC_THEORY_20260814.md,,survey
he2021,"He, G., Michalek, J., Kar, S., Chen, Q., Zhang, D., Whitacre, J.F.",2021,Utility-Scale Portable Energy Storage Systems,Joule 5(2),10.1016/j.joule.2020.12.005,abstract-level,domain-context,READING_QUEUE.md;AGENT3_V2G_MOBILE_ENERGY_20260814.md,,mobile-energy economics for B24
hirshleifer1957,Hirshleifer,1957,Economics of the Divisionalized Firm,,DOI: 10.1086/294136,abstract-level,method-anchor,AGENT2_DICTATOR_DECOMPOSITION_20260814.md,,transfer pricing origins
hogan2010,"Hogan, W.",2010,Demand Response Pricing in Organized Wholesale Markets,IRC comments,,institutional/grey,method-anchor,AGENT4_ECONOMIC_THEORY_20260814.md,,grey literature; Order-745 debate
holland2008,"Holland, S. P., & Mansur, E. T.",2008,Is Real-Time Pricing Green? The Environmental Impacts of Electricity Demand Variance,Review of Economics and Statistics 90(3):550–561,NBER WP 13508,abstract-level,method-anchor,AGENT4_ECONOMIC_THEORY_20260814.md,,identifier unverified; no DOI observed
hua2017,"Hua, B. & Baldick, R.",2017,A Convex Primal Formulation for Convex Hull Pricing,IEEE Trans. Power Systems,DOI: 10.1109/tpwrs.2016.2637718,abstract-level,method-anchor,AGENT2_DICTATOR_DECOMPOSITION_20260814.md,,
huang2010,"Huang, M.",2010,Large-Population LQG Games Involving a Major Player: The Nash Certainty Equivalence Principle,SIAM J. Control and Optimization 48(5):3318–3353,DOI: 10.1137/080735370,abstract-level,method-anchor,AGENT4_ECONOMIC_THEORY_20260814.md,,founding major-minor MFG paper
huang2022,"Huang, D., Wang, S.",2022,A two-stage stochastic programming model of coordinated electric bus charging scheduling for a hybrid charging scheme,"Multimodal Transportation 1(1), art. 100006",DOI: 10.1016/j.multra.2022.100006,abstract-level,domain-context,AGENT3_V2G_MOBILE_ENERGY_20260814.md,,
hubner2026,"Hubner, Hug",2026,"Package Bids in Combinatorial Electricity Auctions: Selection, Welfare Losses, and Alternatives",,10.1287/opre.2024.0777,abstract-level,method-anchor,HANDOFF_PRICE_MAKER_20260814.md;EXTERNAL_DEEP_DIVE_20260814.md,,package/XOR bid language foundation
ieso2022,IESO,2022,Transmission–Distribution Coordination WG materials,,,institutional/grey,domain-context,AGENT4_ECONOMIC_THEORY_20260814.md,,loosely named grey materials
ifpen-smart-charging,,,,IFP Energies HAL working paper,hal-03898558,institutional/grey,domain-context,AGENT3_V2G_MOBILE_ENERGY_20260814.md,,fleet load moves prices; identifier only
igdt-pv-storage2026,,2026,Day-Ahead Optimal Scheduling for Electric Bus PV-Storage Charging Station Under Uncertainty: An IGDT-Based Approach,Batteries 12(5):167,DOI: 10.3390/batteries12050167,abstract-level,domain-context,AGENT3_V2G_MOBILE_ENERGY_20260814.md,,authors not captured
improved-lr-uc,,,,,DOI: 10.24084/repqj05.202,abstract-level,method-anchor,AGENT2_DICTATOR_DECOMPOSITION_20260814.md,,improved LR-UC; named by DOI only
improvingdirections2025,,2025,Improving Directions in Mixed Integer Bilevel Linear Optimization,,arXiv:2511.03566,abstract-level,method-anchor,EXTERNAL_DEEP_DIVE_20260814.md;READING_QUEUE.md,,improving-direction unification implemented in MibS
integer-bilevel-jota,,,,,DOI: 10.1007/s10957-023-02166-8,abstract-level,core-threat,AGENT4_ECONOMIC_THEORY_20260814.md,,integer-bilevel algorithmics; named by DOI only
integrated-smart-charging-framework2025,,2025,"An Integrated Optimization Framework for Smart Charging of Electric Bus Fleets under Dynamic Electricity Prices with On-Site Solar Generation, Energy Storage, and V2G operations",arXiv,DOI: 10.48550/arxiv.2509.05940; Research Square DOI: 10.21203/rs.3.rs-8884872/v1,abstract-level,core-threat,AGENT1_MICROGRID_PRICE_FORMATION_20260814.md;AGENT3_V2G_MOBILE_ENERGY_20260814.md,,Brussels depot benchmark; authors not captured
intraday-major-player,,,Price formation and optimal trading in intraday electricity markets with a major player,arXiv,arXiv:2011.07655,abstract-level,method-anchor,AGENT4_ECONOMIC_THEORY_20260814.md,,authors not captured
ip-pricing-revisited,,,Integer programming and pricing revisited,IMA J. Management Mathematics 8(3):203–,DOI: 10.1093/imaman/8.3.203,abstract-level,method-anchor,AGENT2_DICTATOR_DECOMPOSITION_20260814.md,,authors and year not captured
island-microgrid-desalination2021,,2021,Multi-Objective Dispatching Optimization of an Island Microgrid Integrated with Desalination Units and Electric Vehicles,Processes 9(5):798,mdpi.com/2227-9717/9/5/798,abstract-level,domain-context,AGENT1_MICROGRID_PRICE_FORMATION_20260814.md,,authors not captured
italian-oligopsony2014,,2014,Measuring Oligopsony Market Power in the Italian Electricity Market: Preliminary Results,International Advances in Economic Research,DOI: 10.1007/s11294-014-9478-8,abstract-level,method-anchor,AGENT4_ECONOMIC_THEORY_20260814.md,,authors not captured; empirical markdowns
jiang2026,"Jiang, Z., Nie, X., & Skoulakis, S.",2026,The Welfare Gap of Strategic Storage: Universal Bounds and Price Non-Linearity,arXiv,arXiv:2602.19660,abstract-level,core-threat,READING_QUEUE.md;AGENT4_ECONOMIC_THEORY_20260814.md,,gates B8
joint-eb-charger-scheduling,,,A Joint Scheduling Framework for Electric Bus Fleets and Charging Infrastructure in Urban Transit Systems,Systems 14(3):235,DOI: 10.3390/systems14030235,abstract-level,core-threat,AGENT2_DICTATOR_DECOMPOSITION_20260814.md,,LR inside transit; authors and year not captured
kang2025,"Kang, M., Min, D., Lee, B., Lee, Y.",2025,Optimization of Electric Bus Charging and Discharging Schedules with Vehicle-to-Grid Technology,Transactions of the Korean Institute of Electrical Engineers 74(5),DOI: 10.5370/kiee.2025.74.5.761,abstract-level,domain-context,AGENT3_V2G_MOBILE_ENERGY_20260814.md,,
karaca2020,"Karaca, Kamgarpour",2020,Core-Selecting Mechanisms in Electricity Markets,,10.1109/TSG.2019.2958710,abstract-level,method-anchor,HANDOFF_PRICE_MAKER_20260814.md,,core-selecting payment mechanism foundation
karaduman2021,"Karaduman, Ö.",2021,Economics of Grid-Scale Energy Storage in Wholesale Electricity Markets,MIT CEEPR Working Paper 2021-005,,institutional/grey,method-anchor,AGENT4_ECONOMIC_THEORY_20260814.md,,grey; author name from series listing
karasavvidis2021,"Karasavvidis, Papadaskalopoulos, Strbac",2021,Optimal Offering of a Power Producer in Electricity Markets With Profile and Linked Block Orders,IEEE TPWRS,10.1109/TPWRS.2021.3129084,abstract-level,domain-context,EXTERNAL_DEEP_DIVE_20260814.md;READING_QUEUE.md,,profile and linked block orders
karasavvidis2024,"Karasavvidis, Papadaskalopoulos, Strbac",2024,Optimal Bidding of Flexible Demand in Electricity Markets With Block Orders,"IEEE Trans. Energy Markets, Policy and Regulation",10.1109/TEMPR.2024.3414988,abstract-level,core-threat,EXTERNAL_DEEP_DIVE_20260814.md;READING_QUEUE.md,,kills exclusive-group flexible-demand bidding claim; gates Direction B
kazempour2015,"Kazempour, S. J., Conejo, A. J., & Ruiz, C.",2015,Strategic Bidding for a Large Consumer,IEEE Transactions on Power Systems 30(2):848–856,10.1109/tpwrs.2014.2332540,abstract-level,core-threat,READING_QUEUE.md;AGENT4_ECONOMIC_THEORY_20260814.md,,monopsony baseline for B8/B9; title not given
kelley-optimal-variant,,,An optimal variant of Kelley's cutting-plane method,arXiv,arXiv:1409.2636,abstract-level,method-anchor,AGENT2_DICTATOR_DECOMPOSITION_20260814.md,,authors not captured
kim1970,"Kim, C.",1970,Decomposition of Planning Systems,Decision Sciences,DOI: 10.1111/j.1540-5915.1970.tb00790.x,abstract-level,method-anchor,AGENT2_DICTATOR_DECOMPOSITION_20260814.md,,decomposition as planning protocol
kim2012,"Kim, S. et al.",2012,Evaluation of Two Lagrangian Dual Optimization Algorithms for Large-Scale Unit Commitment Problems,J. Electrical Engineering & Technology 7(1),DOI: 10.5370/jeet.2012.7.1.17,abstract-level,method-anchor,AGENT2_DICTATOR_DECOMPOSITION_20260814.md,,author list not fully captured
kizil2025,"Kızıl, Ünsal, et al.",2025,Optimal V2G Scheduling of Electric Buses to Mitigate Grid Constraints and Absorb PV Surplus Power,APPEEC 2025,DOI: 10.1109/appeec66370.2025.11382080,abstract-level,core-threat,AGENT3_V2G_MOBILE_ENERGY_20260814.md,,attribution per IEEE page
klein2023,"Klein, P.S., Schiffer, M.",2023,Electric Vehicle Charge Scheduling with Flexible Service Operations,Transportation Science,10.1287/trsc.2022.0272,abstract-level,core-threat,READING_QUEUE.md;AGENT2_DICTATOR_DECOMPOSITION_20260814.md;AGENT3_V2G_MOBILE_ENERGY_20260814.md,,degradation-aware labeling baseline for B25
kleinert2021,"Kleinert, Labbé, Ljubić, Schmidt",2021,A survey on mixed-integer programming techniques in bilevel optimization,EURO J. Comput. Optim.,10.1016/j.ejco.2021.100007,abstract-level,method-anchor,EXTERNAL_DEEP_DIVE_20260814.md;READING_QUEUE.md,,standard MIBLP survey
kornai1965,"Kornai, J. & Lipták, T.",1965,Two-Level Planning,Econometrica,DOI: 10.2307/1911892,abstract-level,method-anchor,AGENT2_DICTATOR_DECOMPOSITION_20260814.md,,quantity-directed planning dual
kuehnbach2021,"Kühnbach, M., Stute, J., & Klingler, A.-L.",2021,Impacts of avalanche effects of price-optimized electric vehicle charging — Does demand response make it worse?,Energy Strategy Reviews,10.1016/j.esr.2020.100608,abstract-level,core-threat,READING_QUEUE.md;AGENT4_ECONOMIC_THEORY_20260814.md,,avalanche effects; title not given
kumarshubik,Kumar & Shubik,,,Santa Fe Institute working paper,SFI WP 01-12-074,institutional/grey,method-anchor,AGENT2_DICTATOR_DECOMPOSITION_20260814.md,,title not captured; adjustment-mechanism stability
laafb-v2g-demo,,,Los Angeles Air Force Base Vehicle-to-Grid Demonstration,LBNL final report,DOI: 10.2172/2274679,institutional/grey,domain-context,AGENT1_MICROGRID_PRICE_FORMATION_20260814.md,,military V2G demonstration report
lai2021,"Lai, K., Zhang, L.",2021,Sizing and Siting of Energy Storage Systems in a Military-Based Vehicle-to-Grid Microgrid,IEEE Trans. Industry Applications 57(3):1909–1919,DOI: 10.1109/tia.2021.3057339,abstract-level,domain-context,AGENT1_MICROGRID_PRICE_FORMATION_20260814.md,,
lam2024,"Lam, M.",2024/2025,The Electric Vehicle Routing and Overnight Charging Scheduling Problem on a Multigraph,INFORMS IJOC,DOI: 10.1287/ijoc.2023.0404,abstract-level,domain-context,AGENT3_V2G_MOBILE_ENERGY_20260814.md,,
learninggvf2024,,2024,Learning Generalized Linear Programming Value Functions,NeurIPS 2024,,abstract-level,method-anchor,EXTERNAL_DEEP_DIVE_20260814.md;READING_QUEUE.md,,certified one-sided LP value surrogate
lemarechal2001,"Lemaréchal, C.",2001,Lagrangian Relaxation,"in Jünger & Naddef (eds.), Computational Combinatorial Optimization, LNCS 2241, Springer, pp. 112–156",,abstract-level,method-anchor,AGENT2_DICTATOR_DECOMPOSITION_20260814.md,,identifier unverified; no DOI observed
lfmtaxonomy2025,,2025,,Energy,10.1016/j.energy.2025.136051,abstract-level,domain-context,EXTERNAL_DEEP_DIVE_20260814.md;READING_QUEUE.md,,LFM design taxonomy; title not given
li2014,"Li, R., Wu, Q., Oren, S.S.",2014,Distribution Locational Marginal Pricing for Optimal Electric Vehicle Charging Management,IEEE Transactions on Power Systems 29(1):203–211,DOI: 10.1109/tpwrs.2013.2278952,abstract-level,core-threat,AGENT1_MICROGRID_PRICE_FORMATION_20260814.md,,canonical DLMP-for-EVs decentralization result
liu2017,"Liu, N. (et al.)",2017/2018,Distributed game-based pricing strategy for energy sharing in microgrid with PV prosumers,IET Renewable Power Generation,DOI: 10.1049/iet-rpg.2017.0570,abstract-level,domain-context,AGENT1_MICROGRID_PRICE_FORMATION_20260814.md,,archetypal Stackelberg internal pricing
liu2018,"Liu, Z., Wu, Q., Oren, S.S., Huang, S., Li, R., Cheng, L.",2018,Distribution Locational Marginal Pricing for Optimal Electric Vehicle Charging Through Chance Constrained Mixed-Integer Programming,IEEE Transactions on Smart Grid 9(2):644–654,DOI: 10.1109/tsg.2016.2559579,abstract-level,domain-context,AGENT1_MICROGRID_PRICE_FORMATION_20260814.md,,seen in citation lists
liu2023,"Liu, X., Liu, X.C., Xie, C., Ma, X.",2023,Impacts of photovoltaic and energy storage system adoption on public transport: A simulation-based optimization approach,"Renewable and Sustainable Energy Reviews 181, art. 113319",DOI: 10.1016/j.rser.2023.113319,abstract-level,domain-context,AGENT3_V2G_MOBILE_ENERGY_20260814.md,,
liu2024,Liu et al.,2024,Contextual Bayesian optimization of congestion pricing with day-to-day dynamics,,10.1016/j.tra.2023.103927,abstract-level,domain-context,HANDOFF_PRICE_MAKER_20260814.md,,baseline for active price experimentation
liu2024a,"Liu, X., Yeh, S., Plötz, P., Ma, W., Li, F., Ma, X.",2024,Electric bus charging scheduling problem considering charging infrastructure integrated with solar photovoltaic and energy storage systems,"Transportation Research Part E 187, art. 103572",DOI: 10.1016/j.tre.2024.103572,abstract-level,domain-context,AGENT3_V2G_MOBILE_ENERGY_20260814.md,,
liu2024b,Liu et al.,2024,Transforming public transport depots into profitable energy hubs,Nature Energy 9:1206–1219,DOI: 10.1038/s41560-024-01580-0,abstract-level,domain-context,AGENT3_V2G_MOBILE_ENERGY_20260814.md,,companion big-data work
liu2025,"Liu, Yin",2025,"End-to-End Learning of User Equilibrium: Expressivity, Generalization, and Optimization",,10.1287/trsc.2023.0489,abstract-level,method-anchor,HANDOFF_PRICE_MAKER_20260814.md;READING_QUEUE.md,,priority PDF request; learned user equilibrium
locational-lem-uncertainty2025,,2025,Exposing a locational energy market to uncertainty,IJEPES,DOI: 10.1016/j.ijepes.2025.111285,abstract-level,domain-context,AGENT1_MICROGRID_PRICE_FORMATION_20260814.md,,authors not captured
loopblocks2023,,2023/24,,TPWRS 39(1),,abstract-level,domain-context,EXTERNAL_DEEP_DIVE_20260814.md,,loop blocks for storage; same group; title not given
lu2021,"Zhilin Lu, Mingbo Liu, Chong Tang, and Wentian Lu",2021,Operational scheduling of intercity passenger transportation company participating in energy and reserve markets,International Journal of Electrical Power & Energy Systems 125,10.1016/j.ijepes.2020.106541,audited-full-text,core-threat,HANDOFF_PRICE_MAKER_20260814.md;MARKET_MECHANISMS_AND_BUS_DR_20260814.md;EXTERNAL_DEEP_DIVE_20260814.md;EVSP_PRICE_FEEDBACK_NOVELTY_20260814.md,4.pdf;134.pdf;S0142061520313685.html,major novelty threat; closest price-making transport precedent
luan2026,Luan et al.,2026,Statistical regression-powered optimization methods for path-based congestion pricing at scale,,10.1016/j.trc.2025.105414,abstract-level,core-threat,HANDOFF_PRICE_MAKER_20260814.md,,closest precedent to learned price-to-route response
lubbecke2005,"Lübbecke, M. & Desrosiers, J.",2005,Selected Topics in Column Generation,Operations Research,Optimization Online 2002/580,abstract-level,method-anchor,AGENT2_DICTATOR_DECOMPOSITION_20260814.md,,journal DOI not observed
luke2025,"Luke, J., de Castro Ribeiro, M.G., Martin, S., Balogun, E., Cezar, G., Pavone, M., Rajagopal, R.",2025,Optimal coordination of electric buses and battery storage for achieving a 24/7 carbon-free electrified fleet,"Applied Energy 377, art. 124506",SSRN preprint DOI: 10.2139/ssrn.4815427,abstract-level,domain-context,AGENT3_V2G_MOBILE_ENERGY_20260814.md,,journal DOI unverified
ma2013,"Ma, Z., Callaway, D.S. & Hiskens, I.A.",2013,Decentralized Charging Control of Large Populations of Plug-in Electric Vehicles,IEEE Transactions on Control Systems Technology 21(1):67–78,10.1109/tcst.2011.2174059,abstract-level,core-threat,READING_QUEUE.md;AGENT2_DICTATOR_DECOMPOSITION_20260814.md;AGENT4_ECONOMIC_THEORY_20260814.md,,oscillation/damping canon; title not given
ma2016,"Ma, Z., Zou, S., Ran, L., Shi, X. & Hiskens, I.A.",2016,Efficient decentralized coordination of large-scale plug-in electric vehicle charging,Automatica 69:35–47,,abstract-level,core-threat,AGENT2_DICTATOR_DECOMPOSITION_20260814.md,,identifier unverified; Wentges-like smoothing
mahmoud2025,"Mahmoud, M. et al.",2025,A Robust Optimization Approach for E-Bus Charging and Discharging Scheduling with Vehicle-to-Grid Integration,Mathematics 13(9):1380,DOI: 10.3390/math13091380,abstract-level,domain-context,AGENT3_V2G_MOBILE_ENERGY_20260814.md,,attribution uncertain
maiti1973,Maiti & Sengupta,1973,,,DOI: 10.1287/mnsc.19.12.1459,abstract-level,method-anchor,AGENT2_DICTATOR_DECOMPOSITION_20260814.md,,dissenting note; named by DOI only
major-minor-mfg-ev2025,,2025,Optimal Charging Control for Electric Vehicle Fleet Incorporating Energy Storage System Using Major-Minor Mean Field Game Theory,IEEE ETFG 2025,DOI: 10.1109/etfg61999.2025.11401252,abstract-level,method-anchor,AGENT4_ECONOMIC_THEORY_20260814.md,,author list not captured
manzolli2022,"Manzolli, J.A., Trovão, J.P.F., Antunes, C.H.",2022,Electric bus coordinated charging strategy considering V2G and battery degradation,"Energy 254, art. 124252",DOI: 10.1016/j.energy.2022.124252,abstract-level,domain-context,AGENT3_V2G_MOBILE_ENERGY_20260814.md,,V2G profitability threshold circa 100 EUR/kWh
manzolli2024,"Manzolli, J.A., et al.",2024,Aggregator-supported strategy for electric bus fleet charging: A hierarchical optimisation approach,"Energy, art. 132497",10.1016/j.energy.2024.132497,abstract-level,core-threat,READING_QUEUE.md;AGENT3_V2G_MOBILE_ENERGY_20260814.md,,aggregator-supported e-bus charging strategy
mao2021,Mao et al.,2021,Optimal scheduling for seaport integrated energy system considering flexible berth allocation,Applied Energy 308:118386,DOI: 10.1016/j.apenergy.2021.118386,abstract-level,domain-context,AGENT1_MICROGRID_PRICE_FORMATION_20260814.md,,
market-mechanisms-microgrid-review2023,,2023,Market Mechanisms and Trading in Microgrid Local Electricity Markets: A Comprehensive Review,Energies 16(5):2145,DOI: 10.3390/en16052145,abstract-level,domain-context,AGENT1_MICROGRID_PRICE_FORMATION_20260814.md,,authors not captured
marsten1975,"Marsten, R.E., Hogan, W.W. & Blankenship, J.W.",1975,The Boxstep Method for Large-Scale Optimization,Operations Research 23(3):389–405,DOI: 10.1287/opre.23.3.389,abstract-level,method-anchor,AGENT2_DICTATOR_DECOMPOSITION_20260814.md,,first trust-region stabilization
mavronicolas2007,"Mavronicolas, M., et al.",2007,Congestion Games with Player-Specific Constants,MFCS 2007,,abstract-level,method-anchor,AGENT4_ECONOMIC_THEORY_20260814.md,,identifier unverified; no DOI observed
mcts-imbalance-prices,,,Predicting and Publishing Accurate Imbalance Prices Using Monte Carlo Tree Search,arXiv,arXiv:2411.04011,abstract-level,domain-context,AGENT4_ECONOMIC_THEORY_20260814.md,,authors and year not captured
merchant-storage-investment,,,Merchant Storage Investment in a Restructured Electricity Industry,The Energy Journal,DOI: 10.5547/01956574.40.4.asid,abstract-level,method-anchor,AGENT4_ECONOMIC_THEORY_20260814.md,,authors and year not captured
mess-marginal-value2023,,2023,Mobile Energy Storage in Power Network: Marginal Value and Optimal Operation,arXiv,DOI: 10.48550/arxiv.2303.09704,abstract-level,domain-context,AGENT3_V2G_MOBILE_ENERGY_20260814.md,,authors not captured
microgrid-nodal-pricing,,,Stochastic Energy Management of Microgrid with Nodal Pricing,Journal of Modern Power Systems and Clean Energy,DOI: 10.35833/mpce.2018.000519,abstract-level,domain-context,AGENT1_MICROGRID_PRICE_FORMATION_20260814.md,,authors and year not captured
milan-v2g2023,,2023,,IEEE Access,DOI: 10.1109/access.2023.3279713,abstract-level,domain-context,AGENT3_V2G_MOBILE_ENERGY_20260814.md,,Milan V2G feasibility; title not captured
military-microgrid-pv-ess2025,,2025,Optimal Allocation of Solar PV Generation and Energy Storage Systems in a Military Microgrid including V2G Operation,IEEE SEFET 2025,DOI: 10.1109/sefet65155.2025.11255576,abstract-level,domain-context,AGENT1_MICROGRID_PRICE_FORMATION_20260814.md,,authors not captured
milp-v2g-degradation2025,,2025,MILP Framework for V2G Optimization With Battery Degradation and Price Arbitrage in Scheduled Fleets,IEEE Open Journal of the Industrial Electronics Society,DOI: 10.1109/ojies.2025.3613601,abstract-level,core-threat,AGENT3_V2G_MOBILE_ENERGY_20260814.md,,authors not captured
min-norm-multiplier-cg,,,,MDPI Mathematics 14(6):931,Mathematics 14(6):931,abstract-level,method-anchor,AGENT2_DICTATOR_DECOMPOSITION_20260814.md,,minimum-norm-multiplier CG; named by venue only
miramar-v2g-demo,,,Optimized V1G and V2G Electric Vehicle Fleet Management and Grid Transaction at Marine Corps Air Station Miramar,OSTI technical report,OSTI 2580493,institutional/grey,domain-context,AGENT1_MICROGRID_PRICE_FORMATION_20260814.md,,military V2G demonstration report
modifiedchp,,,,,10.1016/j.ijepes.2018.02.023,abstract-level,method-anchor,EXTERNAL_DEEP_DIVE_20260814.md,,modified CHP with price-sensitive load; title not given
monderer1996,"Monderer, D., & Shapley, L. S.",1996,Potential Games,Games and Economic Behavior 14(1):124–143,DOI: 10.1006/game.1996.0044,abstract-level,method-anchor,AGENT4_ECONOMIC_THEORY_20260814.md,,potential games and FIP baseline
morabit2023,"Morabit, Desaulniers, Lodi",2023,Machine-Learning-Based Arc Selection for Constrained Shortest Path Problems in Column Generation,,10.1287/ijoo.2022.0082,abstract-level,method-anchor,HANDOFF_PRICE_MAKER_20260814.md,,reduced-network ML preserving LP certificate
moving-money-around2025,,2025,Moving Money Around: Mobile Energy Storage and the Value of Geospatial Flexibility,Harvard Business School working paper,hbs.edu,institutional/grey,domain-context,AGENT3_V2G_MOBILE_ENERGY_20260814.md,,no DOI observed; authors not captured
multi-area-islanded2023,,2023,Energy Management of Multi-Area Islanded Hybrid Microgrids: A Stochastic Approach,IEEE Access,DOI: 10.1109/access.2023.3313259,abstract-level,domain-context,AGENT1_MICROGRID_PRICE_FORMATION_20260814.md,,authors not captured
muthirayan2020,Muthirayan et al.,2020,Mechanism Design for Demand Response Programs,,10.1109/TSG.2019.2917396,abstract-level,method-anchor,HANDOFF_PRICE_MAKER_20260814.md,,demand-response mechanism design foundation
najafi2023,"Najafi, F. & Fripp, M.",2023,Market-based coordination of price-responsive demand using Dantzig-Wolfe decomposition method,Energy and AI,10.1016/j.egyai.2023.100277,abstract-level,core-threat,READING_QUEUE.md;AGENT2_DICTATOR_DECOMPOSITION_20260814.md,,gates B1/B2 differentiation
nitsch2025,"Nitsch, F.",2025,Flexibility options in electricity markets with high shares of renewable energies,DLR dissertation,,institutional/grey,domain-context,AGENT4_ECONOMIC_THEORY_20260814.md,,dissertation; avalanche in agent-based practice
nonconvex-bilevel-market2019,,2019/2020,Incorporating Non-Convex Operating Characteristics into Bi-Level Optimization Electricity Market Models,IEEE TPWRS,DTU PDF,abstract-level,method-anchor,AGENT4_ECONOMIC_THEORY_20260814.md,,authors not captured; misreporting nonconvexities
nourian2013,"Nourian, M., & Caines, P. E.",2013,ε-Nash Mean Field Game Theory for Nonlinear Stochastic Dynamical Systems with Major and Minor Agents,SIAM J. Control and Optimization 51(4):3302–3331,DOI: 10.1137/120889496,abstract-level,method-anchor,AGENT4_ECONOMIC_THEORY_20260814.md,,
nrel-admm-report,,,,NREL report,docs.nlr.gov/fy21osti/79129.pdf,institutional/grey,method-anchor,AGENT2_DICTATOR_DECOMPOSITION_20260814.md,,ADMM-for-MIP workarounds; named by URL only
oberdieck2014,"Oberdieck, Wittmann-Hohlbein, Pistikopoulos",2014,,J. Global Optim. 59(2),,abstract-level,method-anchor,EXTERNAL_DEEP_DIVE_20260814.md;READING_QUEUE.md,,mp-MILP branch-and-bound; title not given
oecd2009,OECD,2009,Monopsony and Buyer Power,Policy Roundtable report,,institutional/grey,method-anchor,AGENT4_ECONOMIC_THEORY_20260814.md,,no DOI
off-grid-on-fence2025,,2025,Off the grid and on the fence: Unpacking electric vehicle adoption barriers in isolated microgrids,Energy Research & Social Science,DOI: 10.1016/j.erss.2025.104281,abstract-level,domain-context,AGENT1_MICROGRID_PRICE_FORMATION_20260814.md,,authors not captured
oligopolistic-lem2025,,2025,Powering sustainability: Analyzing local energy market equilibrium with energy storage and renewable resources in oligopolistic grids,Journal of Energy Storage,DOI: 10.1016/j.est.2025.119406,abstract-level,domain-context,AGENT1_MICROGRID_PRICE_FORMATION_20260814.md,,thin-market power premise; authors not captured
oneill2005,"O'Neill, R.P., Sotkiewicz, P.M., Hobbs, B.F., Rothkopf, M.H. & Stewart, W.R. Jr.",2005,Efficient market-clearing prices in markets with nonconvexities,European Journal of Operational Research 164:269–285,10.1016/j.ejor.2003.12.011,abstract-level,method-anchor,READING_QUEUE.md;AGENT2_DICTATOR_DECOMPOSITION_20260814.md;AGENT4_ECONOMIC_THEORY_20260814.md,,pricing-under-indivisibility spine; title not given
online-v2g-aging2024,,2024,Online Optimization of Vehicle-to-Grid Scheduling to Mitigate Battery Aging,Energies 17(7):1681,mdpi.com/1996-1073/17/7/1681,abstract-level,domain-context,AGENT3_V2G_MOBILE_ENERGY_20260814.md,,authors not captured
optimalchargingschedule2021,,2021,Optimal Charging Schedule Planning for Electric Buses Using Aggregated Day-Ahead Auction Bids,Energies 14(16):4727,mdpi.com/1996-1073/14/16/4727,abstract-level,core-threat,EXTERNAL_DEEP_DIVE_20260814.md;READING_QUEUE.md;AGENT1_MICROGRID_PRICE_FORMATION_20260814.md,,kills bus envelope day-ahead bidding claim
oren1985,"Oren, Smith & Wilson",1985,Capacity Pricing,Econometrica 53(3),DOI: 10.2307/1911654,abstract-level,method-anchor,AGENT4_ECONOMIC_THEORY_20260814.md,,
osaki2025,"Osaki, F., Fujimoto, Y., Iino, Y., Ihara, Y., Mitsuoka, M., Hayashi, Y.",2025,Dynamic bus charge scheduling by model predictive control to maximize local PV surplus power utilization,"eTransportation 25, art. 100441",DOI: 10.1016/j.etran.2025.100441,abstract-level,domain-context,AGENT3_V2G_MOBILE_ENERGY_20260814.md,,seen via citation trail
p2p-trading-review2024,,2024,A Review of Peer-to-Peer Energy Trading Markets: Enabling Models and Technologies,Energies 17(7):1702,DOI: 10.3390/en17071702,abstract-level,domain-context,AGENT1_MICROGRID_PRICE_FORMATION_20260814.md,,authors not captured
p90-nordic2024,,2024,Leveraging P90 Requirement: Flexible Resources Bidding in Nordic Ancillary Service Markets,arXiv,DOI: 10.48550/arxiv.2404.12807,abstract-level,domain-context,AGENT3_V2G_MOBILE_ENERGY_20260814.md,,authors not captured
parametric-bilevel-bidding2013,,2013,Mixed integer parametric bilevel programming for optimal strategic bidding ... with indivisibilities,Optimization,DOI: 10.1080/02331934.2013.801473,abstract-level,core-threat,AGENT4_ECONOMIC_THEORY_20260814.md,,title truncated in source; authors not captured
parmentier2023,"Parmentier, A., Martinelli, R., Vidal, T.",2023,Electric Vehicle Fleets: Scalable Route and Recharge Scheduling Through Column Generation,Transportation Science 57(3):631–646,DOI: 10.1287/trsc.2023.1199,abstract-level,domain-context,AGENT3_V2G_MOBILE_ENERGY_20260814.md,,scalability toolbox
perdomo2020,"Perdomo, J., Zrnic, T., Mendler-Dünner, C., & Hardt, M.",2020,Performative Prediction,"ICML 2020, PMLR 119:7599–7609",,abstract-level,core-threat,HANDOFF_PRICE_MAKER_20260814.md;AGENT4_ECONOMIC_THEORY_20260814.md,,feedback-loop learning theory frame
perezdiaz2018,"Perez-Diaz, Gerding, McGroarty",2018,Coordination and payment mechanisms for electric vehicle aggregators,,10.1016/j.apenergy.2017.12.036,abstract-level,method-anchor,HANDOFF_PRICE_MAKER_20260814.md,,EV VCG redistribution; truthfulness versus budget balance
performative-ts-forecasting,,,Performative Time-Series Forecasting,arXiv,arXiv:2310.06077; DOI: 10.48550/arxiv.2310.06077,abstract-level,method-anchor,AGENT4_ECONOMIC_THEORY_20260814.md,,authors and year not captured
performativenonconvex2024,,2024,Stochastic Optimization Schemes for Performative Prediction with Nonconvex Loss,NeurIPS 2024,,abstract-level,method-anchor,EXTERNAL_DEEP_DIVE_20260814.md;READING_QUEUE.md,,first nonconvex-loss performative analysis
performativesurvey2025,,2025/26,Dissecting Performative Prediction: A Comprehensive Survey,,10.1145/3816429,abstract-level,method-anchor,EXTERNAL_DEEP_DIVE_20260814.md;READING_QUEUE.md,,organizes performative stability and optimality
perumal2022,Perumal et al.,2022,,EJOR,,abstract-level,domain-context,EVSP_PRICE_FEEDBACK_NOVELTY_20260814.md,,e-bus scheduling survey; title not given
pessoa2018,"Pessoa, A., Sadykov, R., Uchoa, E. & Vanderbeck, F.",2018,Automation and Combination of Linear-Programming Based Stabilization Techniques in Column Generation,INFORMS Journal on Computing 30(2):339–360,10.1287/ijoc.2017.0784,abstract-level,method-anchor,READING_QUEUE.md;AGENT2_DICTATOR_DECOMPOSITION_20260814.md,,column generation stabilization line; title not given
player-specific-congestion,,,On the Convergence Time of the Best Response Dynamics in Player-specific Congestion Games,arXiv,arXiv:0805.1130; DOI: 10.48550/arxiv.0805.1130,abstract-level,method-anchor,AGENT4_ECONOMIC_THEORY_20260814.md,,authors not captured; cycling prototype
pnnl-33252,,,,Pacific Northwest National Laboratory,PNNL-33252,institutional/grey,domain-context,AGENT1_MICROGRID_PRICE_FORMATION_20260814.md,,TE practices survey; identifier only
pnnl-34505,,,,Pacific Northwest National Laboratory,PNNL-34505,institutional/grey,domain-context,AGENT1_MICROGRID_PRICE_FORMATION_20260814.md,,TE practices survey; identifier only
pomocg,,,POMO-CG,,arXiv:2504.02383,abstract-level,method-anchor,EXTERNAL_DEEP_DIVE_20260814.md;READING_QUEUE.md,,end-to-end RL pricing; year not stated
price-maker-ev-aggregator2020,,2020,Risk-constrained offering strategies for a large-scale price-maker electric vehicle demand aggregator,IET Smart Grid,DOI: 10.1049/iet-stg.2019.0210,abstract-level,domain-context,AGENT1_MICROGRID_PRICE_FORMATION_20260814.md,,authors not captured
pricingranking2025,,2025,,EJOR 320(2),,abstract-level,method-anchor,EXTERNAL_DEEP_DIVE_20260814.md;READING_QUEUE.md,,ML ranking of pricing problems; title not given
priority-service-bilevel2020,,2020,A Bi-Level Optimization Formulation of Priority Service Pricing,IEEE Transactions on Power Systems,DOI: 10.1109/tpwrs.2019.2961173,abstract-level,core-threat,AGENT4_ECONOMIC_THEORY_20260814.md,,authors not captured; Papavasiliou group
prosumer-strategic-aggregation2020,,2020,Large-scale aggregation of prosumers toward strategic bidding in joint energy and regulation markets,Applied Energy,PII S0306261920306711,abstract-level,domain-context,AGENT2_DICTATOR_DECOMPOSITION_20260814.md,,DOI not captured; authors not captured
pypsa-de2025,,2025,,arXiv,arXiv:2510.09414,abstract-level,domain-context,AGENT2_DICTATOR_DECOMPOSITION_20260814.md,,PyPSA-DE preprint; title and authors not captured
quadratic-transfer-pricing,,,,,DOI: 10.1287/mnsc.14.6.b310,abstract-level,method-anchor,AGENT2_DICTATOR_DECOMPOSITION_20260814.md,,quadratic-decomposition transfer pricing; DOI only
reverse-stackelberg-lem2025,,2025,A reverse Stackelberg model for demand response in local energy markets,European Journal of Operational Research,DOI: 10.1016/j.ejor.2025.06.017,abstract-level,domain-context,AGENT1_MICROGRID_PRICE_FORMATION_20260814.md,,authors not captured
rlhyperheuristic2025,,2025,,Computers & Industrial Engineering,,abstract-level,method-anchor,EXTERNAL_DEEP_DIVE_20260814.md;READING_QUEUE.md,,RL hyper-heuristic pricing-network pruning; title not given
robu2013,Robu et al.,2013,An Online Mechanism for Multi-Unit Demand and its Application to Plug-in Hybrid Electric Vehicle Charging,JAIR,DOI: 10.1613/jair.4064,abstract-level,core-threat,AGENT4_ECONOMIC_THEORY_20260814.md,,journal version of gerding2011
roozbehani2012,"Roozbehani, M., Dahleh, M. A., & Mitter, S. K.",2012,Volatility of Power Grids Under Real-Time Pricing,IEEE Transactions on Power Systems 27(4):1926–1940,10.1109/tpwrs.2012.2195037,abstract-level,method-anchor,READING_QUEUE.md;AGENT4_ECONOMIC_THEORY_20260814.md,,oscillation/damping canon; title not given
satchidanandan2022,"Satchidanandan, Roozbehani, Dahleh",2022,A Two-Stage Mechanism for Demand Response Markets,,10.1109/LCSYS.2022.3186654,abstract-level,method-anchor,HANDOFF_PRICE_MAKER_20260814.md,,two-stage demand-response mechanism
scarf1960,"Scarf, H.E.",1960,Some Examples of Global Instability of the Competitive Equilibrium,International Economic Review,DOI: 10.2307/2556215,abstract-level,method-anchor,AGENT2_DICTATOR_DECOMPOSITION_20260814.md,,canonical tatonnement cycling counterexample
scarf1981,Scarf,1981,Production Sets with Indivisibilities (Parts I & II),Econometrica,"DOIs: 10.2307/1911124, 10.2307/1913318",abstract-level,method-anchor,AGENT4_ECONOMIC_THEORY_20260814.md,,two-part work kept as one row
scarf1994,"Scarf, H. E.",1994,The Allocation of Resources in the Presence of Indivisibilities,Journal of Economic Perspectives 8(4):111–128,10.1257/jep.8.4.111,abstract-level,method-anchor,READING_QUEUE.md;AGENT4_ECONOMIC_THEORY_20260814.md,,pricing-under-indivisibility spine; title not given
seaport-microgrid-scheduling2022,,2022,Optimal power scheduling of seaport microgrids with flexible logistic loads,IET Renewable Power Generation,DOI: 10.1049/rpg2.12401,abstract-level,domain-context,AGENT1_MICROGRID_PRICE_FORMATION_20260814.md,,authors not captured
sen2016,Şen & Caines,2016,,SIAM J. Control Optim.,DOI: 10.1137/16m1063010,abstract-level,method-anchor,AGENT4_ECONOMIC_THEORY_20260814.md,,partially observed variant; named by DOI
ship-refueling-comparison,,,A comparative analysis of sequential and integrated optimization models for ship refueling operations,Electronic Research Archive,DOI: 10.3934/era.2026025,abstract-level,domain-context,AGENT2_DICTATOR_DECOMPOSITION_20260814.md,,authors and year not captured
short-term-beb2025,,2025,Short-term scheduling optimization of battery electric buses in the context of sustainable energy resources under uncertainty,"International Journal of Electrical Power & Energy Systems, art. 110715",DOI: 10.1016/j.ijepes.2025.110715,abstract-level,domain-context,AGENT3_V2G_MOBILE_ENERGY_20260814.md,,authors not itemized on page
singlelevelreformulation2025,,2025,A single-level reformulation of binary bilevel programs using decision diagrams,Mathematical Programming,10.1007/s10107-025-02294-1,abstract-level,method-anchor,EXTERNAL_DEEP_DIVE_20260814.md;READING_QUEUE.md,,decision-diagram encoding of follower solutions
sioshansi2010,"Sioshansi, R.",2010,Welfare Impacts of Electricity Storage and the Implications of Ownership Structure,The Energy Journal 31(2),10.5547/issn0195-6574-ej-vol31-no2-7,abstract-level,method-anchor,READING_QUEUE.md;AGENT4_ECONOMIC_THEORY_20260814.md,,storage-welfare baseline for B8/B9; title not given
sioshansi2014,"Sioshansi, R.",2014,When energy storage reduces social welfare,Energy Economics 41:106–116,,abstract-level,method-anchor,AGENT4_ECONOMIC_THEORY_20260814.md,,identifier unverified; RePEc listing
solar-transit-planning2025,,2025,Charge Schedule Optimization and Infrastructure Planning for Solar-Integrated Electric Bus Transit Systems,arXiv,DOI: 10.48550/arxiv.2504.20790,abstract-level,domain-context,AGENT3_V2G_MOBILE_ENERGY_20260814.md,,authors not captured
son2025,"Son, J., Im, J., Kim, D.",2025,Urban transit optimization: Efficient electric bus operations and vehicle-to-grid integration,Computers & Industrial Engineering 205,DOI: 10.1016/j.cie.2025.111169,abstract-level,domain-context,AGENT3_V2G_MOBILE_ENERGY_20260814.md,,
song2025,"Yingjie Song, Dong Ngoduy, Takao Dantsuji, and Chuan Ding",2025,Dynamic equilibrium of the coupled transportation and power networks considering electric vehicles charging behavior,Transportation Research Part A 199,10.1016/j.tra.2025.104590,audited-full-text,core-threat,HANDOFF_PRICE_MAKER_20260814.md;ROUTE_AND_RESPONSE_LEARNING_20260814.md;EVSP_PRICE_FEEDBACK_NOVELTY_20260814.md,12.pdf;S0965856425002186.html,kills dynamic coupled equilibrium with charger queues claim
stabilised-scenario-decomposition,,,stabilised scenario decomposition algorithm applied to stochastic unit commitment,,,abstract-level,method-anchor,AGENT2_DICTATOR_DECOMPOSITION_20260814.md,,cited in MaRDI listing; authors not captured
stackelberg-mfg-master,,,Master equation of discrete-time Stackelberg mean field games with multiple leaders,arXiv,arXiv:2209.03186,abstract-level,method-anchor,AGENT4_ECONOMIC_THEORY_20260814.md,,authors not captured
stochastic-bilevel-eva2019,,2019,,Energies 12(20):3813,Energies 12(20):3813,abstract-level,domain-context,AGENT2_DICTATOR_DECOMPOSITION_20260814.md,,stochastic bilevel EV aggregator; DOI not observed
storage-epec2019,,2019,Investigating the impacts of price-taking and price-making energy storage in electricity markets through an equilibrium programming model,"IET Generation, Transmission & Distribution",DOI: 10.1049/iet-gtd.2018.6223,abstract-level,domain-context,AGENT4_ECONOMIC_THEORY_20260814.md,,authors not captured
storage-soe-management,,,Energy Storage Participation in Wholesale Markets: The Impact of State-of-Energy Management,IEEE Open Access Journal of Power and Energy,DOI: 10.1109/oajpe.2022.3174523,abstract-level,domain-context,AGENT4_ECONOMIC_THEORY_20260814.md,,authors and year not captured
storage-withholding2024,,2024,Market Power and Withholding Behavior of Energy Storage Units,arXiv,DOI: 10.48550/arxiv.2405.01442,abstract-level,core-threat,AGENT1_MICROGRID_PRICE_FORMATION_20260814.md,,withholding monitoring framework; authors not captured
strategic-consumer-bidding2022,,2022,Strategic Biddings of a Consumer demand in both DA and Balancing Markets in Response to Renewable Energy Integration,Electric Power Systems Research,DOI: 10.1016/j.epsr.2022.108132,abstract-level,domain-context,AGENT4_ECONOMIC_THEORY_20260814.md,,authors not captured
subramanian2022,"Vignesh Subramanian, Felipe Feijoo, Sriram Sankaranarayanan, Kevin Melendez, and Tapas K. Das",2022,A bilevel conic optimization model for routing and charging of EV fleets serving long distance delivery networks,Energy 251,10.1016/j.energy.2022.123808,audited-full-text,core-threat,HANDOFF_PRICE_MAKER_20260814.md;ROUTE_AND_RESPONSE_LEARNING_20260814.md,main1.pdf,kills bilevel fleet routing with endogenous LMP claim
sun2025,"Sun, Y., Guo, Y., Zhang, Q., Jia, Y.",2025,Berth allocation and energy scheduling for all-electric ships in seaport microgrid: A Stackelberg game approach,Energy 322:135640,DOI: 10.1016/j.energy.2025.135640,abstract-level,core-threat,AGENT1_MICROGRID_PRICE_FORMATION_20260814.md,,cross-domain analogue; full-text audit recommended
svce2022,Silicon Valley Clean Energy,2022,ResponDER market design,,,institutional/grey,domain-context,AGENT4_ECONOMIC_THEORY_20260814.md,,regulatory grey; aggregator-of-aggregators
tahernejad2020,"Tahernejad, Ralphs, DeNegre",2020,A branch-and-cut algorithm for mixed integer bilevel linear optimization problems and its implementation,Math. Programming Computation,,abstract-level,method-anchor,EXTERNAL_DEEP_DIVE_20260814.md;READING_QUEUE.md,,MibS solver paper
tajeddini2019,Tajeddini & Kebriaei,2019,,IEEE Systems Journal,DOI: 10.1109/jsyst.2018.2855971,abstract-level,method-anchor,AGENT4_ECONOMIC_THEORY_20260814.md,,related work; named by DOI only
tajeddini2020,"Tajeddini, M. A., Kebriaei, H., & Glielmo, L.",2020,Decentralized Hierarchical Planning of PEVs Based on Mean-Field Reverse Stackelberg Game,IEEE Trans. Automation Science and Engineering 17(4):2014–2024,DOI: 10.1109/tase.2020.2986374,abstract-level,method-anchor,AGENT4_ECONOMIC_THEORY_20260814.md,,
terada2025,"Terada, L.Z., Magalhães, M.M., Córtez, J.C., Soares, J., Vale, Z., Rider, M.J.",2025,"Multi-objective optimization for microgrid sizing, electric vehicle scheduling and vehicle-to-grid integration","Sustainable Energy, Grids and Networks 43, art. 101773",DOI: 10.1016/j.segan.2025.101773; SSRN 10.2139/ssrn.5202657,abstract-level,domain-context,AGENT3_V2G_MOBILE_ENERGY_20260814.md,,Nash-bargained endogenous V2G price
thingvad2023,Thingvad/collaborators,2023,Assessing the incorporation of battery degradation in vehicle-to-grid optimization models,Energy Informatics,DOI: 10.1186/s42162-023-00288-x,abstract-level,domain-context,AGENT3_V2G_MOBILE_ENERGY_20260814.md,,degradation model taxonomy; authors not fully captured
toquica2020,"Toquica, De Oliveira-De Jesus, Cadena",2020,Power market equilibrium considering an EV storage aggregator exposed to marginal prices - A bilevel optimization approach,,10.1016/j.est.2020.101267,audited-full-text,core-threat,HANDOFF_PRICE_MAKER_20260814.md;BIDDING_GAMES_20260814.md,main3234.pdf;S2352152X19308837.html,kills monopoly EV-storage Stackelberg nodal-price claim
transactive-energy-review2021,,2021,"Transactive Energy: State-of-the-Art in Control Strategies, Architectures, and Simulators",IEEE Access,DOI: 10.1109/access.2021.3115154,abstract-level,domain-context,AGENT1_MICROGRID_PRICE_FORMATION_20260814.md,,authors not captured
transactive-ev-scheduling2024,,2024,Transactive-Based Day-Ahead Electric Vehicles Charging Scheduling,IEEE Transactions on Transportation Electrification,DOI: 10.1109/tte.2023.3348490,abstract-level,domain-context,AGENT1_MICROGRID_PRICE_FORMATION_20260814.md,,authors not captured
transformer-limits-ev,,,Should we reinforce the grid? Cost and emission optimization of electric vehicle charging under different transformer limits,Wageningen repository PDF,,institutional/grey,domain-context,AGENT4_ECONOMIC_THEORY_20260814.md,,identifier unverified; venue not observed
tri-level-rsg2026,,2026,A tri-level cooperative optimization framework for electric vehicle charging via a mean-field reverse Stackelberg game,Int. J. Electrical Power & Energy Systems,DOI: 10.1016/j.ijepes.2026.111855,abstract-level,method-anchor,AGENT4_ECONOMIC_THEORY_20260814.md,,author list not captured
trustful-double-auction2024,,2024,Trustful double auction design for Peer-to-Peer energy trading between interconnected micro-grids with supply–demand imbalance,International Journal of Electrical Power & Energy Systems,DOI: 10.1016/j.ijepes.2024.110117,abstract-level,domain-context,AGENT1_MICROGRID_PRICE_FORMATION_20260814.md,,authors not captured
uplight2024,Uplight,2024,Response to NJ BPU Order 2222 RFI,,,institutional/grey,domain-context,AGENT4_ECONOMIC_THEORY_20260814.md,,regulatory grey filing
usdoe-sourcing-der,US DOE,,Sourcing Distributed Energy Resources for Distribution Grid Services,,,institutional/grey,domain-context,AGENT4_ECONOMIC_THEORY_20260814.md,,year not captured
v2g-anti-aging2020,,2020,Optimization of Bi-Directional V2G Behavior With Active Battery Anti-Aging Scheduling,IEEE Access,DOI: 10.1109/access.2020.2964699,abstract-level,domain-context,AGENT3_V2G_MOBILE_ENERGY_20260814.md,,authors not captured
vankootenniekerk2017,"van Kooten Niekerk, van den Akker & Hoogeveen",2017,Scheduling electric vehicles,Public Transport,DOI: 10.1007/s12469-017-0164-0,abstract-level,domain-context,AGENT2_DICTATOR_DECOMPOSITION_20260814.md,,EVSP column-generation baseline
vaya2015a,"Vayá, M.G., Andersson, G.",2015,Optimal bidding of plug-in electric vehicle aggregator in day-ahead and regulation markets,Int. J. Electric and Hybrid Vehicles 7(3):209–232,IJEHV 7(3):209–232,abstract-level,core-threat,AGENT1_MICROGRID_PRICE_FORMATION_20260814.md;AGENT3_V2G_MOBILE_ENERGY_20260814.md,,distinct from vaya2015b TPWRS paper
vpp-price-maker2023,,2023,,IEEE ECAI 2023,DOI: 10.1109/ecai58194.2023.10193892,abstract-level,domain-context,AGENT3_V2G_MOBILE_ENERGY_20260814.md,,price-maker VPP with EVs; DOI only
vrptw-et2025,,2025,A multi-objective evolutionary algorithm with constraint-compliant initialization for energy transport and urban logistics in Electric Vehicle Routing,University of Cambridge repository,,institutional/grey,domain-context,AGENT3_V2G_MOBILE_ENERGY_20260814.md,,defines VRPTW-ET; authors not captured
vuelvas2018,"Vuelvas, Ruiz, Gruosso",2018,Limiting gaming opportunities on incentive-based demand response programs,,10.1016/j.apenergy.2018.05.050,abstract-level,method-anchor,HANDOFF_PRICE_MAKER_20260814.md,,incentive design against demand-response gaming
wang2024,"Qi Wang, Chunyi Huang, Chengmin Wang, Kangping Li, and Ning Xie",2024,Joint optimization of bidding and pricing strategy for electric vehicle aggregator considering multi-agent interactions,Applied Energy 360,10.1016/j.apenergy.2024.122810,audited-full-text,core-threat,HANDOFF_PRICE_MAKER_20260814.md;MARKET_MECHANISMS_AND_BUS_DR_20260814.md;EVSP_PRICE_FEEDBACK_NOVELTY_20260814.md,3.pdf,kills price-route-load-price fixed-point iteration claim
wang2024b,"Wang, Y., Chen, J., Tang, T., Liu, Z.",2024,A holistic approach to multi-depot electric bus scheduling for energy saving considering limitations in charging facilities,"Energy 303, art. 131880",10.1016/j.energy.2024.131880,abstract-level,domain-context,AGENT3_V2G_MOBILE_ENERGY_20260814.md,,seen via citation trail
wei2016,"Wei, W., Mei, S., Wu, L., Shahidehpour, M. & Fang, Y.",2016,Optimal Traffic-Power Flow in Urban Electrified Transportation Networks,IEEE Trans. Smart Grid 8(1):84–95,DOI: 10.1109/tsg.2016.2612239,abstract-level,domain-context,AGENT2_DICTATOR_DECOMPOSITION_20260814.md,,
wei2018,"Wei Wei, Lei Wu, Jianhui Wang, and Shengwei Mei",2018,Network Equilibrium of Coupled Transportation and Power Distribution Systems,IEEE Transactions on Smart Grid 9(6),10.1109/TSG.2017.2723016,audited-full-text,core-threat,HANDOFF_PRICE_MAKER_20260814.md;ROUTE_AND_RESPONSE_LEARNING_20260814.md;EVSP_PRICE_FEEDBACK_NOVELTY_20260814.md;AGENT2_DICTATOR_DECOMPOSITION_20260814.md,Network_Equilibrium_of_Coupled_Transportation_and_Power_Distribution_Systems.pdf,kills static coupled-network fixed-point claim
wei2019,Wei et al.,2019,,J. Modern Power Systems & Clean Energy,DOI: 10.1007/s40565-019-0516-7,abstract-level,domain-context,AGENT2_DICTATOR_DECOMPOSITION_20260814.md,,review; title not captured
whenagentsmeet2026,,2026,"When Agents Meet Electric Bus Fleet Operations: Pricing Behavior, Trade-offs, and Policy Implications in an Aggregator Framework",arXiv,arXiv:2606.26400,abstract-level,core-threat,EXTERNAL_DEEP_DIVE_20260814.md;READING_QUEUE.md;AGENT1_MICROGRID_PRICE_FORMATION_20260814.md;AGENT3_V2G_MOBILE_ENERGY_20260814.md,,LLM-agent aggregator over e-bus optimizer
williamson1975,"Williamson, O.",1975,Markets and Hierarchies,book,,abstract-level,method-anchor,AGENT4_ECONOMIC_THEORY_20260814.md,,classic book; no DOI
wolsey1981,"Wolsey, L.A.",1981,Integer programming duality: price functions and sensitivity analysis,Mathematical Programming 20:173–195,DOI: 10.1007/bf01589344,abstract-level,method-anchor,AGENT2_DICTATOR_DECOMPOSITION_20260814.md,,nonlinear price functions needed
wu2016,Wu et al.,2016,A Game Theoretic Approach to Risk-Based Optimal Bidding Strategies for Electric Vehicle Aggregators in Electricity Markets With Variable Wind Energy Resources,,10.1109/TSTE.2015.2498200,audited-full-text,core-threat,HANDOFF_PRICE_MAKER_20260814.md;BIDDING_GAMES_20260814.md,A_Game_Theoretic_Approach_to_Risk-Based_Optimal_Bidding_Strategies_for_Electric_Vehicle_Aggregators_in_Electricity_Markets_With_Variable_Wind_Energy_Resources.pdf,kills risk-aware multi-aggregator EV bidding game claim
wu2019,"Z. Wu, F. Guo, J. Polak, and G. Strbac",2019,Evaluating grid-interactive electric bus operation and demand response with load management tariff,Applied Energy 255:113798,10.1016/j.apenergy.2019.113798,audited-full-text,core-threat,HANDOFF_PRICE_MAKER_20260814.md;MARKET_MECHANISMS_AND_BUS_DR_20260814.md;EVSP_PRICE_FEEDBACK_NOVELTY_20260814.md;READING_QUEUE.md;AGENT1_MICROGRID_PRICE_FORMATION_20260814.md,5.pdf;S0306261919314850.html,kills bus service planning with endogenous DLMP claim
wu2021,"Wu, W., Lin, Y., Liu, R., Jin, W.",2021,The multi-depot electric vehicle scheduling problem with power grid characteristics,Transportation Research Part B 155:322–347,10.1016/j.trb.2021.11.007,abstract-level,core-threat,EVSP_PRICE_FEEDBACK_NOVELTY_20260814.md;READING_QUEUE.md;AGENT3_V2G_MOBILE_ENERGY_20260814.md,,cited as 2021 and 2022; TOU peak-load MDEVSP
xia2024,"Xia, Zhang",2024,A Neural Column Generation Approach to the Vehicle Routing Problem with Two-Dimensional Loading and Last-In-First-Out Constraints,,10.24963/ijcai.2024/218,abstract-level,method-anchor,HANDOFF_PRICE_MAKER_20260814.md,,neural column generation for VRP
xie2025,Dunjian Xie and Yan Xu,2025,Strategic bidding of price-maker energy storage systems in electricity markets with limited information,Applied Energy 390,10.1016/j.apenergy.2025.125824,audited-full-text,core-threat,HANDOFF_PRICE_MAKER_20260814.md;ROUTE_AND_RESPONSE_LEARNING_20260814.md;EVSP_PRICE_FEEDBACK_NOVELTY_20260814.md,1-s2.0-S0306261925005549-main.pdf,closest precedent for learned price-quota strategic bidding
xu2024,"Xu, Q., Ricks, W., Manocha, A., Patankar, N., & Jenkins, J. D.",2024,System-level impacts of voluntary carbon-free electricity procurement strategies,Joule 8(2):374–400,"DOI: 10.1016/j.joule.2023.12.007; SSRN 10.2139/ssrn.4248431; Zenodo 10.5281/zenodo.6229426, 10.5281/zenodo.8325964",abstract-level,domain-context,AGENT4_ECONOMIC_THEORY_20260814.md,,
yao2020,"Yao, S. (et al.)",2020,Rolling Optimization of Mobile Energy Storage Fleets for Resilient Service Restoration,IEEE Transactions on Smart Grid,DOI: 10.1109/tsg.2019.2930012,abstract-level,domain-context,AGENT3_V2G_MOBILE_ENERGY_20260814.md,,canonical MESS reference
yao2025,"Yao, Liu, Scaglione, Bekhor, Zhang",2025,Integrated equilibrium model for electrified logistics and power systems,arXiv,arXiv:2505.04532,abstract-level,core-threat,READING_QUEUE.md;AGENT1_MICROGRID_PRICE_FORMATION_20260814.md,,gates chapter claims; coordinate internally before drafting
yetkin2024,"Yetkin, M., Augustino, B., Lamadrid, A.J. & Snyder, L.V.",2024,Co-optimizing the smart grid and electric public transit bus system,Optimization and Engineering,10.1007/s11081-023-09878-w,abstract-level,core-threat,READING_QUEUE.md;AGENT2_DICTATOR_DECOMPOSITION_20260814.md,,main published dictator-with-fleet competitor
you2026,You et al.,2026,Two-Stage Learning to Branch in Branch-Price-and-Cut Algorithms for Solving Vehicle Routing Problems Exactly,,10.1287/opre.2023.0615,abstract-level,method-anchor,HANDOFF_PRICE_MAKER_20260814.md;READING_QUEUE.md,,priority PDF request; learning to branch
zero-marginal-cost-p2p2021,,2021,Pricing and Energy Trading in Peer-to-Peer Zero Marginal-Cost Microgrids,IEEE Transactions on Smart Grid,DOI: 10.1109/tsg.2021.3122879,abstract-level,domain-context,AGENT1_MICROGRID_PRICE_FORMATION_20260814.md,,marginal-price degeneracy warning; authors not captured
zhang2021,"Zhang, L., Wang, S., Qu, X.",2021,Optimal electric bus fleet scheduling considering battery degradation and non-linear charging profile,"Transportation Research Part E 154, art. 102445",10.1016/j.tre.2021.102445,abstract-level,domain-context,READING_QUEUE.md;AGENT3_V2G_MOBILE_ENERGY_20260814.md,,degradation-aware labeling baseline; title not given
zhang2022,"Zhang, Zavala",2022,"Remunerating space-time, load-shifting flexibility from data centers in electricity markets",,10.1016/j.apenergy.2022.119187,abstract-level,domain-context,HANDOFF_PRICE_MAKER_20260814.md,,virtual-link analogy for duty-linked flexible demand
zhang2024,Zhang et al.,2024,On the role of time-of-use electricity price in charge scheduling for electric bus fleets,Computer-Aided Civil and Infrastructure Engineering,10.1111/mice.13134,abstract-level,domain-context,EVSP_PRICE_FEEDBACK_NOVELTY_20260814.md;READING_QUEUE.md;AGENT3_V2G_MOBILE_ENERGY_20260814.md,,closest EVSP TOU branch-and-price baseline
zhou2024,"Zhou, Y., Wang, H., Wang, Y., Yu, B., Tang, T.",2024,Charging facility planning and scheduling problems for battery electric bus systems: A comprehensive review,"TRE 183, art. 103463",10.1016/j.tre.2024.103463,abstract-level,domain-context,EVSP_PRICE_FEEDBACK_NOVELTY_20260814.md;AGENT3_V2G_MOBILE_ENERGY_20260814.md,,charging facility planning/scheduling review; title not given
zhou2024a,"Zhou, Y., Meng, Q., Ong, G.P., Wang, H.",2024,Electric bus charging scheduling on a bus network,"TRC 161, art. 104553",DOI: 10.1016/j.trc.2024.104553,abstract-level,domain-context,AGENT3_V2G_MOBILE_ENERGY_20260814.md,,
zhou2025,"Zhou, X., An, K., Schmöcker, J.-D.",2025,Optimization of charging and discharging schedules for battery electric buses under the V2G environment,Transportmetrica B: Transport Dynamics,DOI: 10.1080/21680566.2025.2506689,abstract-level,core-threat,AGENT3_V2G_MOBILE_ENERGY_20260814.md,,closest heuristic transit competitor
ziras2021,"Ziras, Heinrich, Bindner",2021,Why baselines are not suited for local flexibility markets,,10.1016/j.rser.2020.110357,abstract-level,domain-context,HANDOFF_PRICE_MAKER_20260814.md;EXTERNAL_DEEP_DIVE_20260814.md,,motivates capacity-limit products over baselines
zoltowska2016,Izabela Zoltowska,2016,Demand shifting bids in energy auction with non-convexities and transmission constraints,Energy Economics 53,10.1016/j.eneco.2015.05.016,audited-full-text,core-threat,HANDOFF_PRICE_MAKER_20260814.md;MARKET_MECHANISMS_AND_BUS_DR_20260814.md,1245125.pdf;S0140988315001681.html,kills minimum-uplift pricing for shiftable demand
zou2016,"Peng Zou, Qixin Chen, Qing Xia, Guannan He, Chongqing Kang, and Antonio J. Conejo",2016,Pool equilibria including strategic storage,Applied Energy 177,10.1016/j.apenergy.2016.05.105,audited-full-text,core-threat,HANDOFF_PRICE_MAKER_20260814.md;MARKET_MECHANISMS_AND_BUS_DR_20260814.md,523523.pdf;S0306261916307097.html,kills strategic storage EPEC/MPEC equilibrium claim
