cell_order,row_id,case,seed,services,split,market_role,arm,cell_status,feasible,native_status,optimality,objective_exact,objective_cost,lower_exact,lower_cost,upper_exact,upper_cost,native_mixture_upper_exact,native_mixture_upper_cost,label_elapsed_seconds,charge_wall_seconds,child_return_code,child_elapsed_seconds,child_hard_seconds,child_hard_timeout,child_on_time,failure_type,failure_message,artifact_errors,source_acquisition_seconds_once,baseline_choices_elapsed_seconds_once,training_fit_seconds_once,four_group_inference_seconds_once,inference_process_elapsed_seconds_once,inference_status_once,inference_return_code_once,complete_six_training_pairs_once,training_rows_replayed_once,training_rows_expected_once,before_all_dev_target_cells_once,best_two_lp_source,best_two_lp_objective_exact,best_two_lp_objective_cost,ridge_choice,ridge_objective_exact,ridge_objective_cost,ridge_excess_exact,ridge_excess_cost,ridge_lp_seconds,ridge_acquisition_plus_lp_seconds,cheapest_direct_choice,cheapest_direct_objective_exact,cheapest_direct_objective_cost,cheapest_direct_excess_exact,cheapest_direct_excess_cost,cheapest_direct_lp_seconds,cheapest_direct_acquisition_plus_lp_seconds,nearest_price_choice,nearest_price_objective_exact,nearest_price_objective_cost,nearest_price_excess_exact,nearest_price_excess_cost,nearest_price_lp_seconds,nearest_price_acquisition_plus_lp_seconds,frozen_edge_prior_choice,frozen_edge_prior_objective_exact,frozen_edge_prior_objective_cost,frozen_edge_prior_excess_exact,frozen_edge_prior_excess_cost,frozen_edge_prior_lp_seconds,frozen_edge_prior_acquisition_plus_lp_seconds,posthoc_always_source1_objective_exact,posthoc_always_source1_objective_cost,posthoc_always_source1_excess_exact,posthoc_always_source1_excess_cost,posthoc_always_source1_matches_ridge
1,learning_s2022_n12/source0,learning_s2022_n12,2022,12,train,source,source0,returned,true,budget_exhausted,unknown,21203440131643101251694655455853248527902771990387/45671926166590716193865151022383844364247891968,464.2554389824168,1337393920122197524220956726147119/2884609365852682013348275945472,463.63085967685885,21203440131643101251694655455853248527902771990387/45671926166590716193865151022383844364247891968,464.2554389824168,338900855415418649293726017704858468081606736028523521207400195759357/730750818665451459101842416358141509827966271488000000000000000000,463.77075024608695,7.656189202971291,,0,7.656189202971291,100,false,true,,,,12.75706839596387,,,,,,,,,,,,,,,,,,,,,,,,,,,,,,,,,,,,,,,,,,,,,,
2,learning_s2022_n12/source1,learning_s2022_n12,2022,12,train,source,source1,returned,true,certified,unknown,79037937713080858614897626690895678704172547829/178405961588244985132285746181186892047843328,443.022962962963,5703120241815954654182253221445/12877720383270901845304803328,442.8672212222222,79037937713080858614897626690895678704172547829/178405961588244985132285746181186892047843328,443.022962962963,80906396299745828923276092428171261895152699042693/182687704666362864775460604089535377456991567872,442.8672222222222,5.100879192992579,,0,5.100879192992579,100,false,true,,,,,,,,,,,,,,,,,,,,,,,,,,,,,,,,,,,,,,,,,,,,,,,,,,
3,learning_s2023_n12/source0,learning_s2023_n12,2023,12,train,source,source0,returned,true,budget_exhausted,unknown,343032581465263133277520695301134213602971892782295/730750818665451459101842416358141509827966271488,469.4248336139169,1352238539690889276699353571448871/2884609365852682013348275945472,468.77700519812726,343032581465263133277520695301134213602971892782295/730750818665451459101842416358141509827966271488,469.4248336139169,17133656819840349795112528155516828074843720152468546133538714113951/36537540933272572955092120817907075491398313574400000000000000000,468.93294902169356,5.952239181031473,,0,5.952239181031473,100,false,true,,,,11.544964781031013,,,,,,,,,,,,,,,,,,,,,,,,,,,,,,,,,,,,,,,,,,,,,,
4,learning_s2023_n12/source1,learning_s2023_n12,2023,12,train,source,source1,returned,true,certified,unknown,1276546677330753844850245160799041378185646017255/2854495385411919762116571938898990272765493248,447.20572464563327,1290008758690095667615671025437813/2884609365852682013348275945472,447.20396943895133,1276546677330753844850245160799041378185646017255/2854495385411919762116571938898990272765493248,447.20572464563327,3191354174889732104174203572840663516324655054390262377484814551/7136238463529799405291429847247475681913733120000000000000000,447.2039704389575,5.5927255999995396,,0,5.5927255999995396,100,false,true,,,,,,,,,,,,,,,,,,,,,,,,,,,,,,,,,,,,,,,,,,,,,,,,,,
5,learning_s2024_n20/source0,learning_s2024_n20,2024,20,train,source,source0,returned,true,budget_exhausted,unknown,47464314625762635198586274138906774807948993868643/91343852333181432387730302044767688728495783936,519.6224312133683,748086060003636214294331406965569/1442304682926341006674137972736,518.674083818281,47464314625762635198586274138906774807948993868643/91343852333181432387730302044767688728495783936,519.6224312133683,75867326114570062219377145749520862430646646944764258264508194327121/146150163733090291820368483271628301965593254297600000000000000000,519.105310433482,22.28241026395699,,0,22.28241026395699,100,false,true,,,,44.30655967799248,,,,,,,,,,,,,,,,,,,,,,,,,,,,,,,,,,,,,,,,,,,,,,
6,learning_s2024_n20/source1,learning_s2024_n20,2024,20,train,source,source1,returned,true,budget_exhausted,unknown,93921003190655465831025371012719225475538560556095/182687704666362864775460604089535377456991567872,514.106865386374,370695384404409279369686754739169/721152341463170503337068986368,514.032005570824,93921003190655465831025371012719225475538560556095/182687704666362864775460604089535377456991567872,514.106865386374,5869959012072708742274870699355617424977335370331449772290064298319/11417981541647679048466287755595961091061972992000000000000000000,514.0977843291942,22.02414941403549,,0,22.02414941403549,100,false,true,,,,,,,,,,,,,,,,,,,,,,,,,,,,,,,,,,,,,,,,,,,,,,,,,,
7,learning_s2025_n20/source0,learning_s2025_n20,2025,20,train,source,source0,returned,true,budget_exhausted,unknown,376543407138514520401062099364344787225029361853051/730750818665451459101842416358141509827966271488,515.282908373862,114018158400319489164256381029069/221893028142514001026790457344,513.8429059929259,376543407138514520401062099364344787225029361853051/730750818665451459101842416358141509827966271488,515.282908373862,1503519394653442464959492758296786141923209231595371522973533755747087/2923003274661805836407369665432566039311865085952000000000000000000,514.3748581080195,53.14354166103294,,0,53.14354166103294,100,false,true,,,,103.51966034504585,,,,,,,,,,,,,,,,,,,,,,,,,,,,,,,,,,,,,,,,,,,,,,
8,learning_s2025_n20/source1,learning_s2025_n20,2025,20,train,source,source1,returned,true,budget_exhausted,unknown,92862668203184677286873842522724663944226456891119/182687704666362864775460604089535377456991567872,508.313727914952,16620058712837227767583073808067/32779651884689568333503135744,507.0236490400308,92862668203184677286873842522724663944226456891119/182687704666362864775460604089535377456991567872,508.313727914952,185374630639203456821844818359868826164709604028827689354095715446173/365375409332725729550921208179070754913983135744000000000000000000,507.3538774208906,50.37611868401291,,0,50.37611868401291,100,false,true,,,,,,,,,,,,,,,,,,,,,,,,,,,,,,,,,,,,,,,,,,,,,,,,,,
9,learning_s2026_n28/source0,learning_s2026_n28,2026,28,train,source,source0,returned,true,budget_exhausted,unknown,418142358411513387409075204222324107667152966361405/730750818665451459101842416358141509827966271488,572.209223350792,201904829934561814054738803658959/360576170731585251668534493184,559.9505633578343,418142358411513387409075204222324107667152966361405/730750818665451459101842416358141509827966271488,572.209223350792,418142358411513387409075204222324107667152966361405/730750818665451459101842416358141509827966271488,572.209223350792,65.04001234797761,,0,65.04001234797761,100,false,true,,,,130.33921836101217,,,,,,,,,,,,,,,,,,,,,,,,,,,,,,,,,,,,,,,,,,,,,,
10,learning_s2026_n28/source1,learning_s2026_n28,2026,28,train,source,source1,returned,true,budget_exhausted,unknown,107102074825689943653692918130635265189183214240683/182687704666362864775460604089535377456991567872,586.25770695016,422442894755295997203672006741411/721152341463170503337068986368,585.7887029780521,107102074825689943653692918130635265189183214240683/182687704666362864775460604089535377456991567872,586.25770695016,107102074825689943653692918130635265189183214240683/182687704666362864775460604089535377456991567872,586.25770695016,65.29920601303456,,0,65.29920601303456,100,false,true,,,,,,,,,,,,,,,,,,,,,,,,,,,,,,,,,,,,,,,,,,,,,,,,,,
11,learning_s2027_n28/source0,learning_s2027_n28,2027,28,train,source,source0,returned,true,budget_exhausted,unknown,122750873219435165172526176579994007253677826389435/182687704666362864775460604089535377456991567872,671.9164458473625,101485706510646521166537960458615/180288085365792625834267246592,562.9085599569086,122750873219435165172526176579994007253677826389435/182687704666362864775460604089535377456991567872,671.9164458473625,489689520989346758712642534791745254553368933227256491837036522608403/730750818665451459101842416358141509827966271488000000000000000000,670.1183337483661,65.34431012102868,,0,65.34431012102868,100,false,true,,,,130.29320362803992,,,,,,,,,,,,,,,,,,,,,,,,,,,,,,,,,,,,,,,,,,,,,,
12,learning_s2027_n28/source1,learning_s2027_n28,2027,28,train,source,source1,returned,true,budget_exhausted,unknown,249295629257697860914003899354366705068252279247541/365375409332725729550921208179070754913983135744,682.2999657064472,18456541589203239376776568889421/31699004020359143003827208192,582.2435801878589,249295629257697860914003899354366705068252279247541/365375409332725729550921208179070754913983135744,682.2999657064472,249295629257697860914003899354366705068252279247541/365375409332725729550921208179070754913983135744,682.2999657064472,64.94889350701123,,0,64.94889350701123,100,false,true,,,,,,,,,,,,,,,,,,,,,,,,,,,,,,,,,,,,,,,,,,,,,,,,,,
13,learning_s2028_n20/source0,learning_s2028_n20,2028,20,dev,source,source0,returned,true,budget_exhausted,unknown,94500940234840071586536757187722323421865554708051/182687704666362864775460604089535377456991567872,517.2813376106747,5734702812480883383226315738079/11268005335362039114641702912,508.9368208305546,94500940234840071586536757187722323421865554708051/182687704666362864775460604089535377456991567872,517.2813376106747,1474838528928341434915297702283559440270170223298511518848202107711/2854495385411919762116571938898990272765493248000000000000000000,516.6722414285892,64.00418369198451,,0,64.00418369198451,100,false,true,,,,128.25511305697728,,,,,,,,,,,,,,,,,,,,,,,,,,,,,,,,,,,,,,,,,,,,,,
14,learning_s2028_n20/source1,learning_s2028_n20,2028,20,dev,source,source1,returned,true,budget_exhausted,unknown,23335349149228745993575468511161574769592429842969/45671926166590716193865151022383844364247891968,510.93420198902606,1465645551452635820612219441048333/2884609365852682013348275945472,508.0915179721034,23335349149228745993575468511161574769592429842969/45671926166590716193865151022383844364247891968,510.93420198902606,373059634282502859162593239089316831025912871203282860543072795546479/730750818665451459101842416358141509827966271488000000000000000000,510.51552013832924,64.25092936499277,,0,64.25092936499277,100,false,true,,,,,,,,,,,,,,,,,,,,,,,,,,,,,,,,,,,,,,,,,,,,,,,,,,
15,learning_s2029_n28/source0,learning_s2029_n28,2029,28,dev,source,source0,returned,true,budget_exhausted,unknown,418350960204194820627142315376059028696307488985965/730750818665451459101842416358141509827966271488,572.4946856278817,49925404862583956156521286866061/90144042682896312917133623296,553.8403135325177,418350960204194820627142315376059028696307488985965/730750818665451459101842416358141509827966271488,572.4946856278817,418350960204194820627142315376059028696307488985965/730750818665451459101842416358141509827966271488,572.4946856278817,65.24726117996033,,0,65.24726117996033,100,false,true,,,,130.65762108098716,,,,,,,,,,,,,,,,,,,,,,,,,,,,,,,,,,,,,,,,,,,,,,
16,learning_s2029_n28/source1,learning_s2029_n28,2029,28,dev,source,source1,returned,true,budget_exhausted,unknown,3331516173015093073417809140877783076108797157819/5708990770823839524233143877797980545530986496,583.5560621399177,3429516193814323524676648739651/5911084766091561502762860544,580.1838967844707,3331516173015093073417809140877783076108797157819/5708990770823839524233143877797980545530986496,583.5560621399177,3331516173015093073417809140877783076108797157819/5708990770823839524233143877797980545530986496,583.5560621399177,65.41035990102682,,0,65.41035990102682,100,false,true,,,,,,,,,,,,,,,,,,,,,,,,,,,,,,,,,,,,,,,,,,,,,,,,,,
17,learning_s2030_n20/source0,learning_s2030_n20,2030,20,dev,source,source0,returned,true,budget_exhausted,unknown,1512690163816669873106073257172432965952060937431347/2923003274661805836407369665432566039311865085952,517.5123055555555,1480651872078841668834535267161913/2884609365852682013348275945472,513.2937199769389,1512690163816669873106073257172432965952060937431347/2923003274661805836407369665432566039311865085952,517.5123055555555,1507593767000427242384530203007072200120467387567905586902037790674567/2923003274661805836407369665432566039311865085952000000000000000000,515.7687574519933,64.72654951101867,,0,64.72654951101867,100,false,true,,,,129.2991407039808,,,,,,,,,,,,,,,,,,,,,,,,,,,,,,,,,,,,,,,,,,,,,,
18,learning_s2030_n20/source1,learning_s2030_n20,2030,20,dev,source,source1,returned,true,budget_exhausted,unknown,372679390736165324121404809056116453280312706329755/730750818665451459101842416358141509827966271488,509.9951737540009,366585970689229223435976971657347/721152341463170503337068986368,508.33360666270664,372679390736165324121404809056116453280312706329755/730750818665451459101842416358141509827966271488,509.9951737540009,74459190767060171199215101780456869652858462498935784782357020930483/146150163733090291820368483271628301965593254297600000000000000000,509.47045740600595,64.57259119296214,,0,64.57259119296214,100,false,true,,,,,,,,,,,,,,,,,,,,,,,,,,,,,,,,,,,,,,,,,,,,,,,,,,
19,learning_s2031_n28/source0,learning_s2031_n28,2031,28,dev,source,source0,returned,true,budget_exhausted,unknown,30563097680375285875901851192756005365134083174493/45671926166590716193865151022383844364247891968,669.1878413206135,1607257531368839782838817813382779/2884609365852682013348275945472,557.183773440928,30563097680375285875901851192756005365134083174493/45671926166590716193865151022383844364247891968,669.1878413206135,951381063146545362710534287027436606217287484849729041408669345279/1427247692705959881058285969449495136382746624000000000000000000,666.5844113874829,65.30851125100162,,0,65.30851125100162,100,false,true,,,,130.61126150202472,,,,,,,,,,,,,,,,,,,,,,,,,,,,,,,,,,,,,,,,,,,,,,
20,learning_s2031_n28/source1,learning_s2031_n28,2031,28,dev,source,source1,returned,true,budget_exhausted,unknown,248694184633505028991281853727189761804398607255141/365375409332725729550921208179070754913983135744,680.653865260631,1667072236344986189630904880910079/2884609365852682013348275945472,577.9195810980127,248694184633505028991281853727189761804398607255141/365375409332725729550921208179070754913983135744,680.653865260631,248694184633505028991281853727189761804398607255141/365375409332725729550921208179070754913983135744,680.653865260631,65.3027502510231,,0,65.3027502510231,100,false,true,,,,,,,,,,,,,,,,,,,,,,,,,,,,,,,,,,,,,,,,,,,,,,,,,,
21,learning_s2022_n12/source0_charge,learning_s2022_n12,2022,12,train,target,source0_charge,returned,true,OPTIMAL,unknown,651647148523833081795150686341416745817527898490787/1461501637330902918203684832716283019655932542976,445.87507251371744,,,651647148523833081795150686341416745817527898490787/1461501637330902918203684832716283019655932542976,445.87507251371744,,,3.9943980089738034,0.17080354498466477,0,3.9943980089738034,100,false,true,,,,,,,,,,,,,,,,,,,,,,,,,,,,,,,,,,,,,,,,,,,,,,,,,,
22,learning_s2022_n12/source1_charge,learning_s2022_n12,2022,12,train,target,source1_charge,returned,true,OPTIMAL,unknown,5056649768734114054084491688431916177529654394079/11417981541647679048466287755595961091061972992,442.8672222222222,,,5056649768734114054084491688431916177529654394079/11417981541647679048466287755595961091061972992,442.8672222222222,,,3.7974050189950503,0.16710828704526648,0,3.7974050189950503,100,false,true,,,,,,,,,,,,,,,,,,,,,,,,,,,,,,,,,,,,,,,,,,,,,,,,,,
23,learning_s2023_n12/source0_charge,learning_s2023_n12,2023,12,train,target,source0_charge,returned,true,OPTIMAL,unknown,1318791756281255849575361829884119205161658428364051/2923003274661805836407369665432566039311865085952,451.1769684670782,,,1318791756281255849575361829884119205161658428364051/2923003274661805836407369665432566039311865085952,451.1769684670782,,,3.6921159620396793,0.17594490095507354,0,3.6921159620396793,100,false,true,,,,,,,,,,,,,,,,,,,,,,,,,,,,,,,,,,,,,,,,,,,,,,,,,,
24,learning_s2023_n12/source1_charge,learning_s2023_n12,2023,12,train,target,source1_charge,returned,true,OPTIMAL,unknown,1276541669955892712772710397517973943271513776335/2854495385411919762116571938898990272765493248,447.20397043895747,,,1276541669955892712772710397517973943271513776335/2854495385411919762116571938898990272765493248,447.20397043895747,,,3.9936762350262143,0.17453449894674122,0,3.9936762350262143,100,false,true,,,,,,,,,,,,,,,,,,,,,,,,,,,,,,,,,,,,,,,,,,,,,,,,,,
25,learning_s2024_n20/source0_charge,learning_s2024_n20,2024,20,train,target,source0_charge,returned,true,OPTIMAL,unknown,1507217005581141531546866683920017922581719207111967/2923003274661805836407369665432566039311865085952,515.6398621399177,,,1507217005581141531546866683920017922581719207111967/2923003274661805836407369665432566039311865085952,515.6398621399177,,,4.444665450020693,0.385098253027536,0,4.444665450020693,100,false,true,,,,,,,,,,,,,,,,,,,,,,,,,,,,,,,,,,,,,,,,,,,,,,,,,,
26,learning_s2024_n20/source1_charge,learning_s2024_n20,2024,20,train,target,source1_charge,returned,true,OPTIMAL,unknown,46973895765821717528113543021743835755371085459937/91343852333181432387730302044767688728495783936,514.2535,,,46973895765821717528113543021743835755371085459937/91343852333181432387730302044767688728495783936,514.2535,,,4.2401709369733,0.4003254849812947,0,4.2401709369733,100,false,true,,,,,,,,,,,,,,,,,,,,,,,,,,,,,,,,,,,,,,,,,,,,,,,,,,
27,learning_s2025_n20/source0_charge,learning_s2025_n20,2025,20,train,target,source0_charge,returned,true,OPTIMAL,unknown,5944839122413813886349359646213543818186800209758287/11692013098647223345629478661730264157247460343808,508.4529988340192,,,5944839122413813886349359646213543818186800209758287/11692013098647223345629478661730264157247460343808,508.4529988340192,,,4.2387340950081125,0.35844643897144124,0,4.2387340950081125,100,false,true,,,,,,,,,,,,,,,,,,,,,,,,,,,,,,,,,,,,,,,,,,,,,,,,,,
28,learning_s2025_n20/source1_charge,learning_s2025_n20,2025,20,train,target,source1_charge,returned,true,OPTIMAL,unknown,92890863005604852629236129327839516143979307626223/182687704666362864775460604089535377456991567872,508.4680612482853,,,92890863005604852629236129327839516143979307626223/182687704666362864775460604089535377456991567872,508.4680612482853,,,4.747101508022752,0.3783536480041221,0,4.747101508022752,100,false,true,,,,,,,,,,,,,,,,,,,,,,,,,,,,,,,,,,,,,,,,,,,,,,,,,,
29,learning_s2026_n28/source0_charge,learning_s2026_n28,2026,28,train,target,source0_charge,returned,true,OPTIMAL,unknown,53641712535874587059699053751005795273059126940247/91343852333181432387730302044767688728495783936,587.2503859396434,,,53641712535874587059699053751005795273059126940247/91343852333181432387730302044767688728495783936,587.2503859396434,,,5.392260625958443,0.913612951990217,0,5.392260625958443,100,false,true,,,,,,,,,,,,,,,,,,,,,,,,,,,,,,,,,,,,,,,,,,,,,,,,,,
30,learning_s2026_n28/source1_charge,learning_s2026_n28,2026,28,train,target,source1_charge,returned,true,OPTIMAL,unknown,53654887508271350222231568582946054247403241458273/91343852333181432387730302044767688728495783936,587.3946208504801,,,53654887508271350222231568582946054247403241458273/91343852333181432387730302044767688728495783936,587.3946208504801,,,5.24795373599045,0.9472561820293777,0,5.24795373599045,100,false,true,,,,,,,,,,,,,,,,,,,,,,,,,,,,,,,,,,,,,,,,,,,,,,,,,,
31,learning_s2027_n28/source0_charge,learning_s2027_n28,2027,28,train,target,source0_charge,returned,true,OPTIMAL,unknown,499593602122973627406093667831293682092023782073801/730750818665451459101842416358141509827966271488,683.6716283607682,,,499593602122973627406093667831293682092023782073801/730750818665451459101842416358141509827966271488,683.6716283607682,,,5.445775676053017,1.0150501629686914,0,5.445775676053017,100,false,true,,,,,,,,,,,,,,,,,,,,,,,,,,,,,,,,,,,,,,,,,,,,,,,,,,
32,learning_s2027_n28/source1_charge,learning_s2027_n28,2027,28,train,target,source1_charge,returned,true,OPTIMAL,unknown,1994055651606749090423379487102113104587387236250719/2923003274661805836407369665432566039311865085952,682.1941216735254,,,1994055651606749090423379487102113104587387236250719/2923003274661805836407369665432566039311865085952,682.1941216735254,,,5.400487756996881,0.935915641952306,0,5.400487756996881,100,false,true,,,,,,,,,,,,,,,,,,,,,,,,,,,,,,,,,,,,,,,,,,,,,,,,,,
33,learning_s2028_n20/source0_charge,learning_s2028_n20,2028,20,dev,target,source0_charge,returned,true,OPTIMAL,unknown,373431931394822800711856463879186823259169425557439/730750818665451459101842416358141509827966271488,511.02499218106993,,,373431931394822800711856463879186823259169425557439/730750818665451459101842416358141509827966271488,511.02499218106993,,,4.500313337019179,0.36406515300041065,0,4.500313337019179,100,false,true,,,,,,,,,,,,,,,,,,,,,,,,,,,,,,,,,,,,,,,,,,,,,,,,,,
34,learning_s2028_n20/source1_charge,learning_s2028_n20,2028,20,dev,target,source1_charge,returned,true,OPTIMAL,unknown,93398522114942608225682514606094729869222492675523/182687704666362864775460604089535377456991567872,511.24689691358026,,,93398522114942608225682514606094729869222492675523/182687704666362864775460604089535377456991567872,511.24689691358026,,,4.289651792962104,0.36465803801547736,0,4.289651792962104,100,false,true,,,,,,,,,,,,,,,,,,,,,,,,,,,,,,,,,,,,,,,,,,,,,,,,,,
35,learning_s2029_n28/source0_charge,learning_s2029_n28,2029,28,dev,target,source0_charge,returned,true,OPTIMAL,unknown,1707889952982868747668937382462675592672116086164111/2923003274661805836407369665432566039311865085952,584.2928633668647,,,1707889952982868747668937382462675592672116086164111/2923003274661805836407369665432566039311865085952,584.2928633668647,,,5.400802386982832,0.9159868969582021,0,5.400802386982832,100,false,true,,,,,,,,,,,,,,,,,,,,,,,,,,,,,,,,,,,,,,,,,,,,,,,,,,
36,learning_s2029_n28/source1_charge,learning_s2029_n28,2029,28,dev,target,source1_charge,returned,true,OPTIMAL,unknown,13326027947774094362273687542495156350799284694431/22835963083295358096932575511191922182123945984,583.5544530864197,,,13326027947774094362273687542495156350799284694431/22835963083295358096932575511191922182123945984,583.5544530864197,,,5.8132204309804365,0.9671456989599392,0,5.8132204309804365,100,false,true,,,,,,,,,,,,,,,,,,,,,,,,,,,,,,,,,,,,,,,,,,,,,,,,,,
37,learning_s2030_n20/source0_charge,learning_s2030_n20,2030,20,dev,target,source0_charge,returned,true,OPTIMAL,unknown,1493149534080167327737756152348687417677730713676035/2923003274661805836407369665432566039311865085952,510.82718484224966,,,1493149534080167327737756152348687417677730713676035/2923003274661805836407369665432566039311865085952,510.82718484224966,,,4.502649439033121,0.3590937739936635,0,4.502649439033121,100,false,true,,,,,,,,,,,,,,,,,,,,,,,,,,,,,,,,,,,,,,,,,,,,,,,,,,
38,learning_s2030_n20/source1_charge,learning_s2030_n20,2030,20,dev,target,source1_charge,returned,true,OPTIMAL,unknown,373058496375329148824345340171125025090681503475927/730750818665451459101842416358141509827966271488,510.513962962963,,,373058496375329148824345340171125025090681503475927/730750818665451459101842416358141509827966271488,510.513962962963,,,4.394786005956121,0.3671317250118591,0,4.394786005956121,100,false,true,,,,,,,,,,,,,,,,,,,,,,,,,,,,,,,,,,,,,,,,,,,,,,,,,,
39,learning_s2031_n28/source0_charge,learning_s2031_n28,2031,28,dev,target,source0_charge,returned,true,OPTIMAL,unknown,31733919587286357246606320574503811859815224708228919/46768052394588893382517914646921056628989841375232,678.5384030864197,,,31733919587286357246606320574503811859815224708228919/46768052394588893382517914646921056628989841375232,678.5384030864197,,,5.748148291022517,0.9135005769785494,0,5.748148291022517,100,false,true,,,,,,,,,,,,,,,,,,,,,,,,,,,,,,,,,,,,,,,,,,,,,,,,,,
40,learning_s2031_n28/source1_charge,learning_s2031_n28,2031,28,dev,target,source1_charge,returned,true,OPTIMAL,unknown,247735325902728879920970133407295034019599641229461/365375409332725729550921208179070754913983135744,678.0295541923869,,,247735325902728879920970133407295034019599641229461/365375409332725729550921208179070754913983135744,678.0295541923869,,,5.449802343966439,0.87296021200018,0,5.449802343966439,100,false,true,,,,,,,,,,,,,,,,,,,,,,,,,,,,,,,,,,,,,,,,,,,,,,,,,,
41,learning_s2028_n20/cold,learning_s2028_n20,2028,20,dev,target,cold,returned,true,budget_exhausted,unknown,11668975710779263895172200800452741670110797161179/22835963083295358096932575511191922182123945984,510.9911794924554,182713874995186858566700915293091/360576170731585251668534493184,506.7275372758895,11668975710779263895172200800452741670110797161179/22835963083295358096932575511191922182123945984,510.9911794924554,1492124969852951990938194669213782846209259196980999959891555468873087/2923003274661805836407369665432566039311865085952000000000000000000,510.47666719620497,64.0403807790135,,0,64.0403807790135,100,false,true,,,,,5.8047142419964075,11.861026136029977,5.863529282039963,27.81152256799396,completed,0,true,12,12,true,source0,373431931394822800711856463879186823259169425557439/730750818665451459101842416358141509827966271488,511.02499218106993,source1,93398522114942608225682514606094729869222492675523/182687704666362864775460604089535377456991567872,511.24689691358026,162157064947632190873594545192096217720545144653/730750818665451459101842416358141509827966271488,0.22190473251028967,4.289651792962104,132.54476484993938,source0,373431931394822800711856463879186823259169425557439/730750818665451459101842416358141509827966271488,511.02499218106993,0,0.0,4.500313337019179,132.75542639399646,source0,373431931394822800711856463879186823259169425557439/730750818665451459101842416358141509827966271488,511.02499218106993,0,0.0,4.500313337019179,132.75542639399646,source1,93398522114942608225682514606094729869222492675523/182687704666362864775460604089535377456991567872,511.24689691358026,162157064947632190873594545192096217720545144653/730750818665451459101842416358141509827966271488,0.22190473251028967,4.289651792962104,132.54476484993938,93398522114942608225682514606094729869222492675523/182687704666362864775460604089535377456991567872,511.24689691358026,162157064947632190873594545192096217720545144653/730750818665451459101842416358141509827966271488,0.22190473251028967,true
42,learning_s2029_n28/cold,learning_s2029_n28,2029,28,dev,target,cold,returned,true,budget_exhausted,unknown,6662795044663191219508473751443217809084452901295/11417981541647679048466287755595961091061972992,583.5352790123457,59702370046040767977618181909421/103021763066167214762438426624,579.5122144016897,6662795044663191219508473751443217809084452901295/11417981541647679048466287755595961091061972992,583.5352790123457,26646818357898775821596101138786585725047624937581080377711932362711/45671926166590716193865151022383844364247891968000000000000000000,583.4397756885296,65.2024347850238,,0,65.2024347850238,100,false,true,,,,,,,,,,,,,,,source1,13326027947774094362273687542495156350799284694431/22835963083295358096932575511191922182123945984,583.5544530864197,source1,13326027947774094362273687542495156350799284694431/22835963083295358096932575511191922182123945984,583.5544530864197,0,0.0,5.8132204309804365,136.4708415119676,source0,1707889952982868747668937382462675592672116086164111/2923003274661805836407369665432566039311865085952,584.2928633668647,2158375667784669297905377023295579769807645276943/2923003274661805836407369665432566039311865085952,0.7384102804449972,5.400802386982832,136.05842346797,source0,1707889952982868747668937382462675592672116086164111/2923003274661805836407369665432566039311865085952,584.2928633668647,2158375667784669297905377023295579769807645276943/2923003274661805836407369665432566039311865085952,0.7384102804449972,5.400802386982832,136.05842346797,source1,13326027947774094362273687542495156350799284694431/22835963083295358096932575511191922182123945984,583.5544530864197,0,0.0,5.8132204309804365,136.4708415119676,13326027947774094362273687542495156350799284694431/22835963083295358096932575511191922182123945984,583.5544530864197,0,0.0,true
43,learning_s2030_n20/cold,learning_s2030_n20,2030,20,dev,target,cold,returned,true,budget_exhausted,unknown,186339361234192099640301540541360223263139667622067/365375409332725729550921208179070754913983135744,509.99425925925925,183655647485339557553602880548459/360576170731585251668534493184,509.3393917648922,186339361234192099640301540541360223263139667622067/365375409332725729550921208179070754913983135744,509.99425925925925,93071374438103345754038221751232193328575140134330385018257251448127/182687704666362864775460604089535377456991567872000000000000000000,509.45614872154005,61.03462349297479,,0,61.03462349297479,100,false,true,,,,,,,,,,,,,,,source1,373058496375329148824345340171125025090681503475927/730750818665451459101842416358141509827966271488,510.513962962963,source1,373058496375329148824345340171125025090681503475927/730750818665451459101842416358141509827966271488,510.513962962963,0,0.0,4.394786005956121,133.69392670993693,source0,1493149534080167327737756152348687417677730713676035/2923003274661805836407369665432566039311865085952,510.82718484224966,915548578850732440374791664187317315004699772327/2923003274661805836407369665432566039311865085952,0.31322187928669437,4.502649439033121,133.80179014301393,source0,1493149534080167327737756152348687417677730713676035/2923003274661805836407369665432566039311865085952,510.82718484224966,915548578850732440374791664187317315004699772327/2923003274661805836407369665432566039311865085952,0.31322187928669437,4.502649439033121,133.80179014301393,source1,373058496375329148824345340171125025090681503475927/730750818665451459101842416358141509827966271488,510.513962962963,0,0.0,4.394786005956121,133.69392670993693,373058496375329148824345340171125025090681503475927/730750818665451459101842416358141509827966271488,510.513962962963,0,0.0,true
44,learning_s2031_n28/cold,learning_s2031_n28,2031,28,dev,target,cold,returned,true,budget_exhausted,unknown,124209630763964313416475476328232728857730544941611/182687704666362864775460604089535377456991567872,679.9014251714677,18712145165042657442671212759375/32779651884689568333503135744,570.8463662416916,124209630763964313416475476328232728857730544941611/182687704666362864775460604089535377456991567872,679.9014251714677,1982026400841741111987108317216987190666283449671401058243754098291433/2923003274661805836407369665432566039311865085952000000000000000000,678.0787479860294,65.45096960401861,,0,65.45096960401861,100,false,true,,,,,,,,,,,,,,,source1,247735325902728879920970133407295034019599641229461/365375409332725729550921208179070754913983135744,678.0295541923869,source1,247735325902728879920970133407295034019599641229461/365375409332725729550921208179070754913983135744,678.0295541923869,0,0.0,5.449802343966439,136.06106384599116,source0,31733919587286357246606320574503811859815224708228919/46768052394588893382517914646921056628989841375232,678.5384030864197,23797871737060616722143498370047505306470630857911/46768052394588893382517914646921056628989841375232,0.5088488940329287,5.748148291022517,136.35940979304723,source0,31733919587286357246606320574503811859815224708228919/46768052394588893382517914646921056628989841375232,678.5384030864197,23797871737060616722143498370047505306470630857911/46768052394588893382517914646921056628989841375232,0.5088488940329287,5.748148291022517,136.35940979304723,source0,31733919587286357246606320574503811859815224708228919/46768052394588893382517914646921056628989841375232,678.5384030864197,23797871737060616722143498370047505306470630857911/46768052394588893382517914646921056628989841375232,0.5088488940329287,5.748148291022517,136.35940979304723,247735325902728879920970133407295034019599641229461/365375409332725729550921208179070754913983135744,678.0295541923869,0,0.0,true
