case,seed,split,service_count,arm,native_status,wall_seconds,solver_cap_seconds,child_cap_seconds,returncode,on_time,hard_timeout,failure,feasible,optimality,physical_upper,hull_lower,mixture_upper,pricing_calls,master_calls,global_certificate_replayed,mixture_replayed
learning_s2010_n12,2010,train,12,cold,certified,4.034791,70,100,0,true,false,,true,unknown,350.027798,350.027797,350.027798,2,1,true,true
learning_s2010_n12,2010,train,12,nearest_price,budget_exhausted,5.490350,70,100,0,true,false,,true,unknown,350.027798,350.027401,350.027798,4,5,true,true
learning_s2010_n12,2010,train,12,retained,budget_exhausted,7.401648,70,100,0,true,false,,true,unknown,350.027798,350.027401,350.027798,4,5,true,true
learning_s2010_n12,2010,train,12,source0,budget_exhausted,7.402074,70,100,0,true,false,,true,unknown,366.137400,365.414539,365.666252,4,4,true,true
learning_s2010_n12,2010,train,12,source1,budget_exhausted,5.092143,70,100,0,true,false,,true,unknown,350.455262,350.010972,350.043602,4,4,true,true
learning_s2011_n12,2011,train,12,cold,certified,4.251048,70,100,0,true,false,,true,unknown,448.555885,448.555884,448.555885,2,1,true,true
learning_s2011_n12,2011,train,12,nearest_price,certified,4.947077,70,100,0,true,false,,true,unknown,448.555885,448.555884,448.555885,2,2,true,true
learning_s2011_n12,2011,train,12,retained,certified,6.351953,70,100,0,true,false,,true,unknown,448.555885,448.555884,448.555885,2,2,true,true
learning_s2011_n12,2011,train,12,source0,budget_exhausted,5.343451,70,100,0,true,false,,true,unknown,470.991878,470.265831,470.489162,4,4,true,true
learning_s2011_n12,2011,train,12,source1,certified,4.790545,70,100,0,true,false,,true,unknown,448.591550,448.555884,448.555885,3,2,true,true
learning_s2012_n20,2012,train,20,cold,budget_exhausted,63.953709,70,100,0,true,false,,true,unknown,505.874276,505.342397,505.863711,4,4,true,true
learning_s2012_n20,2012,train,20,nearest_price,budget_exhausted,64.953947,70,100,0,true,false,,true,unknown,506.401942,505.388486,506.032891,4,5,true,true
learning_s2012_n20,2012,train,20,retained,budget_exhausted,66.510051,70,100,0,true,false,,true,unknown,506.376190,505.527094,505.778826,4,5,true,true
learning_s2012_n20,2012,train,20,source0,budget_exhausted,59.166911,70,100,0,true,false,,true,unknown,515.117911,512.420178,513.330257,4,4,true,true
learning_s2012_n20,2012,train,20,source1,budget_exhausted,63.907245,70,100,0,true,false,,true,unknown,505.875922,505.460044,505.797798,4,4,true,true
learning_s2013_n20,2013,train,20,cold,budget_exhausted,63.709977,70,100,0,true,false,,true,unknown,513.607504,513.025697,513.590750,4,4,true,true
learning_s2013_n20,2013,train,20,nearest_price,budget_exhausted,64.972346,70,100,0,true,false,,true,unknown,513.607504,513.277795,513.591016,4,5,true,true
learning_s2013_n20,2013,train,20,retained,budget_exhausted,54.577433,70,100,0,true,false,,true,unknown,513.763097,513.448421,513.645939,4,5,true,true
learning_s2013_n20,2013,train,20,source0,budget_exhausted,63.857018,70,100,0,true,false,,true,unknown,519.857939,516.287228,518.976898,3,3,true,true
learning_s2013_n20,2013,train,20,source1,budget_exhausted,59.348865,70,100,0,true,false,,true,unknown,513.608327,513.422235,513.549358,4,4,true,true
learning_s2014_n28,2014,train,28,cold,budget_exhausted,64.305576,70,100,0,true,false,,true,unknown,692.748594,584.665851,692.748594,2,2,true,true
learning_s2014_n28,2014,train,28,nearest_price,budget_exhausted,66.123419,70,100,0,true,false,,true,unknown,693.281387,580.134739,693.281387,2,3,true,true
learning_s2014_n28,2014,train,28,retained,stalled_bounded,65.663846,70,100,0,true,false,,true,unknown,692.578853,580.234325,692.578853,2,2,true,true
learning_s2014_n28,2014,train,28,source0,budget_exhausted,64.373560,70,100,0,true,false,,true,unknown,675.001570,568.173723,673.850014,2,2,true,true
learning_s2014_n28,2014,train,28,source1,budget_exhausted,64.324175,70,100,0,true,false,,true,unknown,690.273982,580.904611,690.273982,2,2,true,true
learning_s2015_n28,2015,train,28,cold,budget_exhausted,64.319376,70,100,0,true,false,,true,unknown,590.512754,548.473419,590.488072,2,2,true,true
learning_s2015_n28,2015,train,28,nearest_price,budget_exhausted,66.032535,70,100,0,true,false,,true,unknown,588.599703,573.962781,588.599703,2,3,true,true
learning_s2015_n28,2015,train,28,retained,budget_exhausted,67.268991,70,100,0,true,false,,true,unknown,588.599703,573.962781,588.599703,2,3,true,true
learning_s2015_n28,2015,train,28,source0,budget_exhausted,64.567474,70,100,0,true,false,,true,unknown,575.134850,538.868138,575.134850,2,2,true,true
learning_s2015_n28,2015,train,28,source1,budget_exhausted,64.320063,70,100,0,true,false,,true,unknown,590.153028,544.267792,590.153028,2,2,true,true
learning_s2016_n20,2016,dev,20,cheapest_bill,budget_exhausted,64.429907,70,100,0,true,false,,true,unknown,515.515556,515.284997,515.439103,4,5,true,true
learning_s2016_n20,2016,dev,20,cold,stalled_bounded,63.386664,70,100,0,true,false,,true,unknown,516.022304,514.846149,515.512438,4,3,true,true
learning_s2016_n20,2016,dev,20,learned,budget_exhausted,64.791730,70,100,0,true,false,,true,unknown,515.515556,515.284997,515.439103,4,5,true,true
learning_s2016_n20,2016,dev,20,nearest_price,budget_exhausted,64.880700,70,100,0,true,false,,true,unknown,515.515556,515.284997,515.439103,4,5,true,true
learning_s2016_n20,2016,dev,20,retained,budget_exhausted,66.672760,70,100,0,true,false,,true,unknown,516.375019,514.216892,515.632153,3,4,true,true
learning_s2016_n20,2016,dev,20,source0,budget_exhausted,63.611318,70,100,0,true,false,,true,unknown,521.732148,518.380089,520.245962,3,3,true,true
learning_s2016_n20,2016,dev,20,source1,budget_exhausted,61.211281,70,100,0,true,false,,true,unknown,515.648969,515.336229,515.471130,4,4,true,true
learning_s2017_n28,2017,dev,28,cheapest_bill,budget_exhausted,65.822159,70,100,0,true,false,,true,unknown,689.474312,579.538921,686.653533,2,3,true,true
learning_s2017_n28,2017,dev,28,cold,budget_exhausted,64.308587,70,100,0,true,false,,true,unknown,686.862043,571.169096,686.334229,2,2,true,true
learning_s2017_n28,2017,dev,28,learned,budget_exhausted,66.121711,70,100,0,true,false,,true,unknown,689.474312,579.538921,686.653533,2,3,true,true
learning_s2017_n28,2017,dev,28,nearest_price,budget_exhausted,65.821511,70,100,0,true,false,,true,unknown,689.474312,579.538921,686.653533,2,3,true,true
learning_s2017_n28,2017,dev,28,retained,budget_exhausted,67.170116,70,100,0,true,false,,true,unknown,685.788696,585.913858,685.788696,2,3,true,true
learning_s2017_n28,2017,dev,28,source0,budget_exhausted,64.463880,70,100,0,true,false,,true,unknown,675.101153,564.975205,672.171020,2,2,true,true
learning_s2017_n28,2017,dev,28,source1,budget_exhausted,64.260604,70,100,0,true,false,,true,unknown,685.212251,574.009786,685.079183,2,2,true,true
