cell_order,case,seed,services,stage,cell_type,child_return_code,child_elapsed_seconds,child_hard_seconds,child_hard_timeout,catalog_status,feasible,optimality,candidate_kind,repair_status,failure_stage,native_status,cover_status,cover_gap,cover_buses,candidate_buses,direct_proposal_costs_exact,direct_proposal_cost_min_exact,direct_proposal_cost_min,direct_candidate_cost_exact,fallback_cost_exact,final_incumbent_cost_exact,final_incumbent_cost,improvement_vs_direct_exact,hull_status,hull_lower_exact,hull_lower,hull_mixture_upper_exact,hull_mixture_upper,hull_global_replayed,hull_mixture_replayed,hull_pricing_requests,hull_master_calls,hull_columns,source0_acquisition_seconds,source1_acquisition_seconds,source_acquisition_paid_seconds_repeated,model_inference_shared_seconds_once,proposal_online_seconds,source_validation_scoring_seconds,target_topology_prediction_seconds,selection_lookup_seconds,direct_rescoring_seconds,result_worker_elapsed_seconds,repair_topology_seconds,cover_seconds,charge_replay_seconds,repair_total_seconds,independent_replay_seconds,pool_preparation_seconds,hull_seconds,artifact_errors
1,learning_s2018_n20,2018,20,source0,source,0,41.12406760500744,100,false,returned,true,unknown,,,,budget_exhausted,,,,4,,,,,,95832308868322259294465687668695411279948940256899/182687704666362864775460604089535377456991567872,524.5690126948497,,budget_exhausted,4607196226154667/8796093022208,523.7775697144874,2304177921565483/4398046511104,523.9094029014911,true,true,4,4,4,41.12406760500744,,,,0.2750687299994752,0.2392516269464977,0.02511918602976948,,,40.50744139798917,,,,,,,,
2,learning_s2018_n20,2018,20,source1,source,0,26.959539681032766,100,false,returned,true,unknown,,,,budget_exhausted,,,,4,,,,,,95160736025734870502133395879219022415486081803679/182687704666362864775460604089535377456991567872,520.8929424096937,,budget_exhausted,2290064795089573/4398046511104,520.7004494626683,572619302158533/1099511627776,520.7942214460973,true,true,4,4,4,,26.959539681032766,,,0.2750687299994752,0.2392516269464977,0.02511918602976948,,,26.367110436956864,,,,,,,,
3,learning_s2019_n28,2019,28,source0,source,0,64.59359864902217,100,false,returned,true,unknown,,,,budget_exhausted,,,,5,,,,,,7674433086919775992019724489219675227360076014591/11417981541647679048466287755595961091061972992,672.1357062040155,,budget_exhausted,4927364850008567/8796093022208,560.1765280981189,5912168195317987/8796093022208,672.1357062040155,true,true,2,2,2,64.59359864902217,,,,0.5952939520357177,0.5212440220057033,0.05628384300507605,,,63.76381028199103,,,,,,,,
4,learning_s2019_n28,2019,28,source1,source,0,64.22664554900257,100,false,returned,true,unknown,,,,budget_exhausted,,,,5,,,,,,62518622868857641316888711564823666830728897605091/91343852333181432387730302044767688728495783936,684.4316423268172,,budget_exhausted,4966235108674431/8796093022208,564.5955648872622,6020324393249279/8796093022208,684.4316423268173,true,true,2,2,2,,64.22664554900257,,,0.5952939520357177,0.5212440220057033,0.05628384300507605,,,63.63329803699162,,,,,,,,
5,learning_s2018_n20,2018,20,cold,target,0,22.326968980021775,100,false,returned,true,unknown,,,,budget_exhausted,,,,4,,,,,,95160568958789589077630526414397860282527787685519/182687704666362864775460604089535377456991567872,520.892027914952,,budget_exhausted,4580136669015143/8796093022208,520.7012542331476,572618296660931/1099511627776,520.7933069513556,true,true,4,4,4,,,,,0.2750687299994752,0.2392516269464977,0.02511918602976948,,,21.715984021953773,,,,,,,,
6,learning_s2018_n20,2018,20,retained,target,0,28.47052456298843,100,false,returned,true,unknown,,,,certified,,,,4,"[""412772144667948015981367698598520590330048207251257/730750818665451459101842416358141509827966271488"",""101406978042957565930553964547867953330556291196547/182687704666362864775460604089535377456991567872"",""12861061689911917327513512029816081382458075878477/22835963083295358096932575511191922182123945984"",""101386394614260798528274523701231074091382837636855/182687704666362864775460604089535377456991567872"",""1733827396780266532180200181512025783561799876867071/2923003274661805836407369665432566039311865085952"",""54086222559797608675557731587813226270093638051985/91343852333181432387730302044767688728495783936"",""433097090442780731322077010690871691766816060829359/730750818665451459101842416358141509827966271488"",""108151861690898449415551878620769036637371695343007/182687704666362864775460604089535377456991567872""]",101386394614260798528274523701231074091382837636855/182687704666362864775460604089535377456991567872,554.9710901421623,,,95160568958789589077630526414397860282527787685519/182687704666362864775460604089535377456991567872,520.892027914952,778228206933901181330499660854151726106881243917/22835963083295358096932575511191922182123945984,certified,2290473182246471/4398046511104,520.793305951536,572618296660931/1099511627776,520.7933069513556,true,true,4,4,11,,,68.0836072860402,,0.2750687299994752,0.2392516269464977,0.02511918602976948,3.2581837630132213,0.3653277059784159,27.73922774300445,,,,,,,,
7,learning_s2018_n20,2018,20,nearest_price,target,0,23.847340926004108,100,false,returned,true,unknown,,,,certified,,,,4,"[""101406978042957565930553964547867953330556291196547/182687704666362864775460604089535377456991567872""]",101406978042957565930553964547867953330556291196547/182687704666362864775460604089535377456991567872,555.0837601695972,,,95160568958789589077630526414397860282527787685519/182687704666362864775460604089535377456991567872,520.892027914952,1561602271041994213230859533367523262007125877757/45671926166590716193865151022383844364247891968,certified,2290473182246471/4398046511104,520.793305951536,572618296660931/1099511627776,520.7933069513556,true,true,4,4,4,,,68.0836072860402,,0.2750687299994752,0.2392516269464977,0.02511918602976948,2.9872413499979302,0.050896942033432424,23.26232668402372,,,,,,,,
8,learning_s2018_n20,2018,20,cheapest_bill,target,0,23.53506261500297,100,false,returned,true,unknown,,,,certified,,,,4,"[""101406978042957565930553964547867953330556291196547/182687704666362864775460604089535377456991567872""]",101406978042957565930553964547867953330556291196547/182687704666362864775460604089535377456991567872,555.0837601695972,,,95160568958789589077630526414397860282527787685519/182687704666362864775460604089535377456991567872,520.892027914952,1561602271041994213230859533367523262007125877757/45671926166590716193865151022383844364247891968,certified,2290473182246471/4398046511104,520.793305951536,572618296660931/1099511627776,520.7933069513556,true,true,4,4,4,,,68.0836072860402,,0.2750687299994752,0.2392516269464977,0.02511918602976948,2.9064655929687433,0.0513739199959673,22.920193717000075,,,,,,,,
9,learning_s2018_n20,2018,20,learned,target,0,24.445792657032143,100,false,returned,true,unknown,,,,certified,,,,4,"[""108151861690898449415551878620769036637371695343007/182687704666362864775460604089535377456991567872""]",108151861690898449415551878620769036637371695343007/182687704666362864775460604089535377456991567872,592.0040535208047,,,95160568958789589077630526414397860282527787685519/182687704666362864775460604089535377456991567872,520.892027914952,811955795756803771120084512898198522177744228593/11417981541647679048466287755595961091061972992,certified,2290473182244515/4398046511104,520.7933059510913,572618296660931/1099511627776,520.7933069513556,true,true,4,4,5,,,68.0836072860402,3.9954756280058064,0.2750687299994752,0.2392516269464977,0.02511918602976948,2.883671656018123,0.04057803004980087,23.89270479703555,,,,,,,,
10,learning_s2018_n20,2018,20,shared_cost_only,repair,0,24.04408748302376,240,false,returned,true,unknown,repaired,replayed,,,0,0.0,4,4,,,,387121960825740838810378184939650716200000390102791/730750818665451459101842416358141509827966271488,,387121960825740838810378184939650716200000390102791/730750818665451459101842416358141509827966271488,529.7591886831276,0,certified,2290473182246471/4398046511104,520.793305951536,572618296660931/1099511627776,520.7933069513556,true,true,4,4,4,,,,,0.2750687299994752,0.2392516269464977,0.02511918602976948,,,23.401101217023097,0.0,2.577383512048982,0.3515553099568933,2.9298748419969343,0.04970529401907697,0.19487400399520993,17.691281915002037,
11,learning_s2018_n20,2018,20,shared_cost_learned,repair,0,39.42427193396725,240,false,returned,true,unknown,repaired,replayed,,,0,0.0,4,4,,,,95412332663853271959824943827927347740768722918851/182687704666362864775460604089535377456991567872,,95412332663853271959824943827927347740768722918851/182687704666362864775460604089535377456991567872,522.2701376543209,0,certified,2290473182246471/4398046511104,520.793305951536,572618296660931/1099511627776,520.7933069513556,true,true,4,4,4,,,,,0.2750687299994752,0.2392516269464977,0.02511918602976948,,,38.69727745500859,0.04399897699477151,17.096935258014128,0.3592105919960886,17.501203207008075,0.054301109979860485,0.23402592801721767,18.26015142997494,
12,learning_s2019_n28,2019,28,cold,target,0,64.33956110297004,100,false,returned,true,unknown,,,,budget_exhausted,,,,5,,,,,,2003624334696181149499011556043985736784213390397561/2923003274661805836407369665432566039311865085952,685.467700999412,,budget_exhausted,2497173176383571/4398046511104,567.791443332583,6028373884007155/8796093022208,685.3467634763496,true,true,2,2,2,,,,,0.5952939520357177,0.5212440220057033,0.05628384300507605,,,63.63344892603345,,,,,,,,
13,learning_s2019_n28,2019,28,retained,target,0,65.74144084297586,100,false,returned,true,unknown,,,,stalled_bounded,,,,5,"[""8162337278172007398210313167860996208153686221823/11417981541647679048466287755595961091061972992"",""596769074630092257478465646949801165324432503465819/730750818665451459101842416358141509827966271488"",""68431919389400113929902808715619214264978907180515/91343852333181432387730302044767688728495783936"",""306540054953284258267019862077782181313393097769083/365375409332725729550921208179070754913983135744""]",8162337278172007398210313167860996208153686221823/11417981541647679048466287755595961091061972992,714.8669183252276,,,2015508593485354527350456629508712534538518677129695/2923003274661805836407369665432566039311865085952,689.5334709190672,74049749726679366591383541463702494748824995656993/2923003274661805836407369665432566039311865085952,stalled_bounded,2530375444506711/4398046511104,575.340765068793,3032600276065035/4398046511104,689.5334709190672,true,true,2,2,5,,,128.82024419802474,,0.5952939520357177,0.5212440220057033,0.05628384300507605,3.363979755959008,0.34659643401391804,64.97974204597995,,,,,,,,
14,learning_s2019_n28,2019,28,nearest_price,target,0,65.84898307098774,100,false,returned,true,unknown,,,,budget_exhausted,,,,5,"[""8162337278172007398210313167860996208153686221823/11417981541647679048466287755595961091061972992""]",8162337278172007398210313167860996208153686221823/11417981541647679048466287755595961091061972992,714.8669183252276,,,2015508593485354527350456629508712534538518677129695/2923003274661805836407369665432566039311865085952,689.5334709190672,74049749726679366591383541463702494748824995656993/2923003274661805836407369665432566039311865085952,budget_exhausted,2530375444506711/4398046511104,575.340765068793,3032600276065035/4398046511104,689.5334709190672,true,true,2,3,3,,,128.82024419802474,,0.5952939520357177,0.5212440220057033,0.05628384300507605,3.1765770820202306,0.09150691796094179,65.15932160196826,,,,,,,,
15,learning_s2019_n28,2019,28,cheapest_bill,target,0,66.4539123030263,100,false,returned,true,unknown,,,,budget_exhausted,,,,5,"[""8162337278172007398210313167860996208153686221823/11417981541647679048466287755595961091061972992""]",8162337278172007398210313167860996208153686221823/11417981541647679048466287755595961091061972992,714.8669183252276,,,2015508593485354527350456629508712534538518677129695/2923003274661805836407369665432566039311865085952,689.5334709190672,74049749726679366591383541463702494748824995656993/2923003274661805836407369665432566039311865085952,budget_exhausted,2530375444506711/4398046511104,575.340765068793,3032600276065035/4398046511104,689.5334709190672,true,true,2,3,3,,,128.82024419802474,,0.5952939520357177,0.5212440220057033,0.05628384300507605,3.4308231999748386,0.09222395997494459,65.66140778298723,,,,,,,,
16,learning_s2019_n28,2019,28,learned,target,0,66.19570014503552,100,false,returned,true,unknown,,,,budget_exhausted,,,,5,"[""68431919389400113929902808715619214264978907180515/91343852333181432387730302044767688728495783936""]",68431919389400113929902808715619214264978907180515/91343852333181432387730302044767688728495783936,749.1683089934847,,,250541226581107417331337125929221072794833222008571/365375409332725729550921208179070754913983135744,685.7090548010974,23186450976493038388274108933255784265082406713489/365375409332725729550921208179070754913983135744,budget_exhausted,307134113522091/549755813888,558.6736979641337,753945079025097/1099511627776,685.7090548010974,true,true,2,3,3,,,128.82024419802474,,0.5952939520357177,0.5212440220057033,0.05628384300507605,3.286710167012643,0.08420017297612503,65.43283303402131,,,,,,,,
17,learning_s2019_n28,2019,28,shared_cost_only,repair,0,97.05914976098575,240,false,returned,true,unknown,repaired,replayed,,,1,0.1999999999999961,5,5,,,,506813335934467736843427329275259795054633306003401/730750818665451459101842416358141509827966271488,,506813335934467736843427329275259795054633306003401/730750818665451459101842416358141509827966271488,693.55151303155,0,budget_exhausted,5170746205743043/8796093022208,587.8457847919711,6046234709466173/8796093022208,687.377304241883,true,true,2,3,3,,,,,0.5952939520357177,0.5212440220057033,0.05628384300507605,,,96.3533653919585,0.0,30.78845703601837,0.9518846229766496,31.741463514976203,0.1248767229844816,0.359135320992209,61.29747964098351,
18,learning_s2019_n28,2019,28,shared_cost_learned,repair,0,97.51879932702286,240,false,returned,true,unknown,repaired,replayed,,,1,0.3338588759514488,6,6,,,,17872516404482087877519397968884294933747691618563/22835963083295358096932575511191922182123945984,,17872516404482087877519397968884294933747691618563/22835963083295358096932575511191922182123945984,782.6478059756516,0,budget_exhausted,5139152797680273/8796093022208,584.2540301364662,6034284764455539/8796093022208,686.0187527826769,true,true,2,3,3,,,,,0.5952939520357177,0.5212440220057033,0.05628384300507605,,,96.6215226050117,0.07548872503684834,30.75537293800153,0.8697250540135428,31.701627719041426,0.10882372700143605,0.35564602800877765,61.39629792096093,
