case,state,comparison,left,right,left_outcome,right_outcome,right_minus_left_child_s,right_minus_left_lower,right_minus_left_upper,right_minus_left_paid_pair_s
synthetic_cyclic,0,plan retention,Reserve cold,Reserve + pool,certified,certified,0.050122762098908424,0.0,0.0,
synthetic_cyclic,1,plan retention,Reserve cold,Reserve + pool,certified,certified,0.2012884863652289,0.0,0.0,0.6182619533501565
synthetic_cyclic,0,numerical master,Reserve + pool,QP + pool,certified,certified,0.6527797221206129,5.995204332975845e-15,4.1946754188753994e-32,
synthetic_cyclic,1,numerical master,Reserve + pool,QP + pool,certified,certified,0.35046769632026553,0.0,1.5288031898545877e-31,1.0016567367129028
synthetic_cyclic,0,physical-bound cache,QP + pool,QP + pool + bound cache,certified,certified,-0.45243638195097446,0.0,0.0,
synthetic_cyclic,1,physical-bound cache,QP + pool,QP + pool + bound cache,certified,certified,-0.09922412503510714,0.0,0.0,-0.5194448684342206
synthetic_multivisit,0,plan retention,Reserve cold,Reserve + pool,budget_exhausted,budget_exhausted,-0.05059110652655363,0.0,0.0,
synthetic_multivisit,1,plan retention,Reserve cold,Reserve + pool,budget_exhausted,certified,0.04810609295964241,3.547566442030707,-1.323812110429289,0.4086959254927933
synthetic_multivisit,0,numerical master,Reserve + pool,QP + pool,budget_exhausted,budget_exhausted,0.15317307552322745,6.427606984671959e-15,0.0,
synthetic_multivisit,1,numerical master,Reserve + pool,QP + pool,certified,certified,-0.049292835872620344,1.618076285459949e-07,-1.6180762293596415e-07,0.06626397976651788
synthetic_multivisit,0,physical-bound cache,QP + pool,QP + pool + bound cache,budget_exhausted,budget_exhausted,0.04885356221348047,0.0,0.0,
synthetic_multivisit,1,physical-bound cache,QP + pool,QP + pool + bound cache,certified,certified,0.2003605840727687,0.0,0.0,0.2658159672282636
public_depot15,0,plan retention,Reserve cold,Reserve + pool,budget_exhausted,budget_exhausted,0.3672714573331177,0.0,0.0,
public_depot15,1,plan retention,Reserve cold,Reserve + pool,failed,budget_exhausted,5.790102384984493,,,7.409389780368656
public_depot15,0,numerical master,Reserve + pool,QP + pool,budget_exhausted,budget_exhausted,-0.03365742135792971,0.0,2.8644749552266466e-17,
public_depot15,1,numerical master,Reserve + pool,QP + pool,budget_exhausted,failed,-4.6893138801679015,,,-4.733102527912706
public_depot15,0,physical-bound cache,QP + pool,QP + pool + bound cache,budget_exhausted,budget_exhausted,-0.1543047921732068,0.0,0.0,
public_depot15,1,physical-bound cache,QP + pool,QP + pool + bound cache,failed,budget_exhausted,1.6604884401895106,,,2.3955313465557992
public_depot16,0,plan retention,Reserve cold,Reserve + pool,budget_exhausted,budget_exhausted,-0.25130665907636285,0.0,0.0,
public_depot16,1,plan retention,Reserve cold,Reserve + pool,budget_exhausted,budget_exhausted,1.4384364187717438,-26.784246677450046,-41.2359456791726,2.4040158446878195
public_depot16,0,numerical master,Reserve + pool,QP + pool,budget_exhausted,budget_exhausted,0.02639976516366005,0.0,6.689166800623796e-17,
public_depot16,1,numerical master,Reserve + pool,QP + pool,budget_exhausted,failed,-3.971801900304854,,,-3.9532201741822064
public_depot16,0,physical-bound cache,QP + pool,QP + pool + bound cache,budget_exhausted,budget_exhausted,0.12460537115111947,0.0,0.0,
public_depot16,1,physical-bound cache,QP + pool,QP + pool + bound cache,failed,budget_exhausted,1.7080674972385168,,,2.6961551820859313
