case,base_timetable_group,arm,method,state0_child_s,state1_child_s,parent_admission_s,paid_two_state_s,state0_outcome,state1_outcome
synthetic_cyclic,synthetic_cyclic,reserve_cold_hull,Reserve cold,3.2807027427479625,3.329532575327903,,6.6102353180758655,certified,certified
synthetic_cyclic,synthetic_cyclic,reserve_feasible_hull,Reserve + pool,3.330825504846871,3.530821061693132,0.36685070488601923,7.228497271426022,certified,certified
synthetic_cyclic,synthetic_cyclic,qp_feasible_hull,QP + pool,3.9836052269674838,3.8812887580133975,0.3652600231580436,8.230154008138925,certified,certified
synthetic_cyclic,synthetic_cyclic,qp_cache_feasible_hull,QP + pool + bound cache,3.5311688450165093,3.7820646329782903,0.39747566170990467,7.710709139704704,certified,certified
synthetic_multivisit,synthetic_multivisit,reserve_cold_hull,Reserve cold,3.5814531538635492,3.7840086040087044,,7.365461757872254,budget_exhausted,budget_exhausted
synthetic_multivisit,synthetic_multivisit,reserve_feasible_hull,Reserve + pool,3.5308620473369956,3.832114696968347,0.41118093905970454,7.774157683365047,budget_exhausted,certified
synthetic_multivisit,synthetic_multivisit,qp_feasible_hull,QP + pool,3.684035122860223,3.7828218610957265,0.3735646791756153,7.840421663131565,budget_exhausted,certified
synthetic_multivisit,synthetic_multivisit,qp_cache_feasible_hull,QP + pool + bound cache,3.7328886850737035,3.983182445168495,0.39016650011762977,8.106237630359828,budget_exhausted,certified
public_depot15,hildenbrand_37,reserve_cold_hull,Reserve cold,175.29950849805027,171.90343335596845,,347.2029418540187,budget_exhausted,failed
public_depot15,hildenbrand_37,reserve_feasible_hull,Reserve + pool,175.6667799553834,177.69353574095294,1.252015938051045,354.6123316343874,budget_exhausted,budget_exhausted
public_depot15,hildenbrand_37,qp_feasible_hull,QP + pool,175.63312253402546,173.00422186078504,1.24188471166417,349.87922910647467,budget_exhausted,failed
public_depot15,hildenbrand_37,qp_cache_feasible_hull,QP + pool + bound cache,175.47881774185225,174.66471030097455,2.1312324102036655,352.27476045303047,budget_exhausted,budget_exhausted
public_depot16,hildenbrand_37,reserve_cold_hull,Reserve cold,175.56865780008957,175.50735963135958,,351.07601743144915,budget_exhausted,budget_exhausted
public_depot16,hildenbrand_37,reserve_feasible_hull,Reserve + pool,175.3173511410132,176.94579605013132,1.2168860849924386,353.48003327613696,budget_exhausted,budget_exhausted
public_depot16,hildenbrand_37,qp_feasible_hull,QP + pool,175.34375090617687,172.97399414982647,1.209068045951426,349.52681310195476,budget_exhausted,failed
public_depot16,hildenbrand_37,qp_cache_feasible_hull,QP + pool + bound cache,175.46835627732798,174.68206164706498,2.072550359647721,352.2229682840407,budget_exhausted,budget_exhausted
