lb_best,ub_ch,zd_minus_lb,method,seed,n_trips,b,outcome,certified,final_gap,oracle_calls,oracle_calls_clean,oracle_calls_stab,n_columns,serious_steps,null_steps,wall_clean_s,wall_stab_s,total_solver_wall_s,dictator_wall_s,broadcast_tv,broadcast_linf_max,broadcast_points,uplift_lo,uplift_hi,z_d_ub,tol_d,epsilon,budget,backend,mip_version,source_commit
3130.61539359,3130.61637994,0.0109860286821,a2,0,8,0.01,certified,True,0.000986352539712,18,18,0,17,0,0,14.2327849865,0,13.0070214272,6.1201543808,69.096272,2.273736,18,-0.0100003238581,0.000986028681837,3130.61637962,0.01,0.01,240,GRB,unknown,d89c672
3132.32954328,3132.32954328,0.0100000000002,a2,11,8,0.01,certified,True,0,16,16,0,15,0,0,10.3068091869,0,9.47176337242,1.37587547302,65.609294,2.273736,16,-0.0100000000002,0,3132.32954328,0.01,0.01,240,GRB,unknown,d89c672
3135.03824935,3135.03853774,0.0114997857718,a2,15,8,0.01,certified,True,0.000288397216536,30,30,0,29,0,0,34.7680413723,0,32.7302496433,10.387103796,84.842497,2.273736,30,-0.0087886114452,0.00149978577156,3135.03974913,0.01,0.01,240,GRB,unknown,d89c672
3293.46739674,3293.46873839,0.0121523367861,a2,0,12,0.01,certified,True,0.00134165450936,17,17,0,16,0,0,117.216977596,0,114.19382,71.3062672615,93.771204,4.524669,17,-0.00918931772367,0.00215233678591,3293.46954908,0.01,0.01,240,GRB,unknown,d89c672
4166.14076573,4166.14076573,0.0100000000002,a2,11,12,0.01,certified,True,0,29,29,0,28,0,0,337.823046207,0,333.51213932,35.4308800697,102.857009,2.360725,29,-0.0100000000002,0,4166.14076573,0.01,0.01,240,GRB,unknown,d89c672
3279.7599628,3279.76031584,2.68156258619,a2,15,12,0.01,certified,True,0.000353036804427,28,28,0,27,0,0,162.786371469,0,159.795410633,78.5667979717,92.63945,2.304454,28,2.66120954939,2.67156258619,3282.43152539,0.01,0.01,240,GRB,unknown,d89c672
3176.59875023,3176.59926635,0.0110152544798,a2,0,8,0.05,certified,True,0.000516120910106,20,20,0,19,0,0,19.0716614723,0,17.7072184086,9.44160890579,141.01195,4.273736,20,-0.0095008664307,0.00101525447963,3176.59976548,0.01,0.01,240,GRB,unknown,d89c672
3165.85426491,3165.8546685,0.0103882478334,a2,11,8,0.05,certified,True,0.000403594970976,16,16,0,15,0,0,11.1329097748,0,10.3414568901,6.28580975533,148.012852,5.589798,16,-0.0100153471381,0.000388247833143,3165.85465315,0.01,0.01,240,GRB,unknown,d89c672
3168.29725389,3168.29792912,0.0107341328676,a2,15,8,0.05,certified,True,0.00067522573454,28,28,0,27,0,0,26.1751153469,0,24.9246559143,11.9072620869,179.614688,4.273736,28,-0.00994109286739,0.000734132867365,3168.29798803,0.01,0.01,240,GRB,unknown,d89c672
3532.42160527,3532.42185193,0.0110412878694,a2,0,12,0.05,certified,True,0.000246660362336,17,17,0,16,0,0,394.909163475,0,391.945730925,324.558474541,157.428153,4.273736,17,-0.0092053724934,0.00104128786916,3532.42264656,0.01,0.01,240,GRB,unknown,d89c672
4224.20476991,4224.20514222,0.216940776048,a2,11,12,0.05,certified,True,0.000372309082195,23,23,0,22,0,0,907.497804165,0,903.323858976,713.502729177,161.242981,4.273736,23,0.196568466965,0.206940776047,4224.41171069,0.01,0.01,240,GRB,unknown,d89c672
3459.66169036,3459.6620862,5.38609567381,a2,15,12,0.05,certified,True,0.000395843679144,29,29,0,28,0,0,260.317060947,0,255.836724997,203.84904933,194.950943,4.984406,29,5.36569983013,5.37609567381,3465.03778603,0.01,0.01,240,GRB,unknown,d89c672
3130.61594736,3130.61644312,0.0104322570555,a3,0,8,0.01,certified,True,0.000495758056786,34,18,16,18,2,14,9.89946317673,12.2473573685,20.9157423973,4.68603610992,0.823875602576,0.272955769942,17,-0.0100635010017,0.000432257055309,3130.61637962,0.01,0.01,240,GRB,1.17.6,167297a
3132.32954328,3132.32954328,0.0100000000002,a3,11,8,0.01,certified,True,0,26,14,12,14,1,11,6.11107254028,5.48959183693,10.6824142933,1.07791042328,0.963191091766,0.157071134427,13,-0.0100000000002,0,3132.32954328,0.01,0.01,240,GRB,1.17.6,167297a
3135.03792069,3135.03850056,0.0118284410669,a3,15,8,0.01,certified,True,0.000579869079047,62,32,30,33,4,26,21.7264816761,18.3792362213,37.6598095894,4.90559911728,1.45901184181,0.233,31,-0.0087514280126,0.00182844106666,3135.03974913,0.01,0.01,240,GRB,1.17.6,167297a
3293.46779961,3293.46822872,0.0117494696874,a3,0,12,0.01,certified,True,0.000429109192282,18,10,8,13,5,3,43.3984980583,43.8253598213,85.6615781784,46.6222593784,2.22138098868,0.343,9,-0.00867963950532,0.00174946968718,3293.46954908,0.01,0.01,240,GRB,1.17.6,167297a
4166.14076573,4166.14076573,0.0100000000002,a3,11,12,0.01,certified,True,0,56,29,27,28,1,26,257.969744682,286.62953186,539.359652519,23.391753912,1.04906728239,0.274,28,-0.0100000000002,0,4166.14076573,0.01,0.01,240,GRB,1.17.6,167297a
3279.75975177,3279.76019388,2.68177361802,a3,15,12,0.01,certified,True,0.000442114373982,40,21,19,26,6,13,52.648658514,88.020617485,137.282851696,43.5936648846,2.13365050471,0.437,20,2.66133150365,2.67177361802,3282.43152539,0.01,0.01,240,GRB,1.17.6,167297a
3176.59912487,3176.59951099,0.0106406126047,a3,0,8,0.05,certified,True,0.000386116027585,32,17,15,18,3,12,11.2890644073,11.5455973148,21.6391716003,6.89982104301,2.776014138,0.515,16,-0.00974550342335,0.000640612604457,3176.59976548,0.01,0.01,240,GRB,1.17.6,167297a
3165.85421318,3165.85490227,0.0104399746251,a3,11,8,0.05,certified,True,0.000689094190875,26,14,12,14,2,10,7.26262760162,6.20005464554,12.6475665569,4.64829230309,3.01287175002,0.75,13,-0.0102491195662,0.000439974624896,3165.85465315,0.01,0.01,240,GRB,1.17.6,167297a
3168.29772855,3168.29802403,0.0102594716327,a3,15,8,0.05,certified,True,0.000295473661481,48,25,23,32,9,14,15.085329771,17.7368073463,31.1267318726,7.57103943825,3.23367598554,0.735,24,-0.0100360020292,0.000259471632489,3168.29798803,0.01,0.01,240,GRB,1.17.6,167297a
3532.42143323,3532.42182552,0.011213328085,a3,0,12,0.05,certified,True,0.000392283806832,24,13,11,18,5,6,172.629318953,303.220548868,473.661936045,213.206908941,9.40882474477,1.61866655939,12,-0.00917895572229,0.00121332808476,3532.42264656,0.01,0.01,240,GRB,1.17.6,167297a
4224.20479052,4224.20531874,0.216920163217,a3,11,12,0.05,certified,True,0.000528214178303,28,15,13,21,13,0,342.012220383,489.416973829,829.187362194,443.879040241,5.91834330468,1.37,14,0.196391949038,0.206920163217,4224.41171069,0.01,0.01,240,GRB,1.17.6,167297a
3459.66148881,3459.6621875,5.38629721942,a3,15,12,0.05,certified,True,0.000698691597336,34,18,16,32,12,4,91.723998785,154.483913422,243.292073727,155.299761772,11.0473621614,1.21691185353,17,5.36559852782,5.37629721942,3465.03778603,0.01,0.01,240,GRB,1.17.6,167297a
3130.61594736,3130.61644312,0.0104322570555,a4,0,8,0.01,certified,True,0.000495758056786,20,11,9,15,2,7,5.59053945541,4.59120321274,9.39465761185,4.46286463737,57.447168465,3.88329430482,10,-0.0100635010017,0.000432257055309,3130.61637962,0.01,0.01,240,GRB,1.17.6,167297a
3132.32954328,3132.32954328,0.0100000000002,a4,11,8,0.01,certified,True,0,12,7,5,9,2,3,2.77917313576,2.24775719643,4.62008261681,1.02572250366,37.9165556263,1.13686789088,6,-0.0100000000002,0,3132.32954328,0.01,0.01,240,GRB,1.17.6,167297a
3135.03792069,3135.03850056,0.0118284410669,a4,15,8,0.01,certified,True,0.000579869079047,42,22,20,32,6,14,14.4180119038,14.7198722363,27.5320427418,5.47790789604,68.3946747317,1.21913013845,21,-0.0087514280126,0.00182844106666,3135.03974913,0.01,0.01,240,GRB,1.17.6,167297a
3293.46668202,3293.46873839,0.012867061223,a4,0,12,0.01,certified,True,0.00205637894624,26,14,12,21,5,7,69.1072769165,61.7978107929,128.643865108,48.1165583134,59.3533183946,1.62409399989,13,-0.00918931772367,0.00286706122279,3293.46954908,0.01,0.01,240,GRB,1.17.6,167297a
4166.14073752,4166.14076573,0.0100282102831,a4,11,12,0.01,certified,True,2.82102828351e-05,26,14,12,22,3,9,100.753889322,91.4855837822,190.162881851,19.9703650475,53.1812172806,1.13686789088,13,-0.0100000000002,2.82102828351e-05,4166.14076573,0.01,0.01,240,GRB,1.17.6,167297a
3279.7595469,3279.76045953,2.681978485,a4,15,12,0.01,certified,True,0.000912624104785,48,25,23,37,3,20,100.322048426,86.6965398788,182.02508831,52.0542521477,86.4018009106,1.18882963228,24,2.6610658609,2.671978485,3282.43152539,0.01,0.01,240,GRB,1.17.6,167297a
3176.59912487,3176.59951099,0.0106406126051,a4,0,8,0.05,certified,True,0.000386116028039,22,12,10,19,2,8,7.00833010674,7.47798728943,13.7256698608,6.77720713615,110.164928474,2.13686789088,11,-0.00974550342335,0.000640612604911,3176.59976548,0.01,0.01,240,GRB,1.17.6,167297a
3165.85426491,3165.8546685,0.0103882478334,a4,11,8,0.05,certified,True,0.000403594970976,16,9,7,12,2,5,4.36499929428,3.35931992531,7.15825486183,4.5775001049,103.081815183,2.13686789088,8,-0.0100153471381,0.000388247833143,3165.85465315,0.01,0.01,240,GRB,1.17.6,167297a
3168.29776586,3168.29797893,0.0102221670386,a4,15,8,0.05,certified,True,0.000213066100969,38,20,18,32,2,16,13.4265081882,14.1115345955,26.1831512451,7.89536571503,140.214434027,2.13686789088,19,-0.00999089906281,0.000222167038373,3168.29798803,0.01,0.01,240,GRB,1.17.6,167297a
3532.42107925,3532.4219134,0.0115673121095,a4,0,12,0.05,certified,True,0.000834149140246,32,17,15,24,2,13,345.15679884,257.380360842,599.665616274,208.539316177,143.765573084,2.49554908639,16,-0.00926683703119,0.00156731210927,3532.42264656,0.01,0.01,240,GRB,1.17.6,167297a
4224.20492411,4224.20520915,0.216786581164,a4,11,12,0.05,certified,True,0.000285040759991,34,18,16,24,2,14,519.356450558,473.488651037,989.958978891,450.742039204,131.970322779,2.13686789088,17,0.196501540404,0.206786581164,4224.41171069,0.01,0.01,240,GRB,1.17.6,167297a
3459.66178877,3459.66217027,5.38599725773,a4,15,12,0.05,certified,True,0.000381494724024,50,26,24,39,4,20,229.31719327,196.704849243,420.715697289,188.157192469,165.644246097,2.13686789088,25,5.36561576301,5.37599725773,3465.03778603,0.01,0.01,240,GRB,1.17.6,167297a
3130.61594736,3130.61644312,0.0104322570555,a5,0,8,0.01,certified,True,0.000495758056786,34,18,16,18,2,14,9.1632065773,8.62165331841,16.6478664875,4.43592834473,0.468603183634,0.272955769942,17,-0.0100635010017,0.000432257055309,3130.61637962,0.01,0.01,240,GRB,1.17.6,167297a
3132.32954328,3132.32954328,0.0100000000002,a5,11,8,0.01,certified,True,0,30,16,14,15,1,13,7.19877839088,6.6543006897,12.8322355747,1.10876441002,0.15,0.15,15,-0.0100000000002,0,3132.32954328,0.01,0.01,240,GRB,1.17.6,167297a
3135.03792069,3135.03850056,0.0118284410669,a5,15,8,0.01,certified,True,0.000579869079047,62,32,30,33,3,27,24.4941139221,25.0030081272,47.4158861637,5.55141067505,0.4896640625,0.233,31,-0.0087514280126,0.00182844106666,3135.03974913,0.01,0.01,240,GRB,1.17.6,167297a
3293.46779961,3293.46822872,0.0117494696874,a5,0,12,0.01,certified,True,0.000429109192282,18,10,8,13,4,4,35.8561770916,35.8932781219,70.524200201,38.9171152115,1.19046435452,0.343,9,-0.00867963950532,0.00174946968718,3293.46954908,0.01,0.01,240,GRB,1.17.6,167297a
4166.14076573,4166.14076573,0.0100000000002,a5,11,12,0.01,certified,True,0,56,29,27,28,1,26,250.182177544,279.830134153,525.137414455,22.622957468,0.274,0.274,28,-0.0100000000002,0,4166.14076573,0.01,0.01,240,GRB,1.17.6,167297a
3279.75975177,3279.76019388,2.68177361802,a5,15,12,0.01,certified,True,0.000442114373982,68,35,33,40,5,28,146.569861889,189.393436193,329.160691023,54.6470332146,1.57318018917,0.399197934919,34,2.66133150365,2.67177361802,3282.43152539,0.01,0.01,240,GRB,1.17.6,167297a
3176.59912487,3176.59951099,0.0106406126047,a5,0,8,0.05,certified,True,0.000386116027585,32,17,15,18,3,12,10.8081338406,10.8233761787,20.5867695808,6.86612987518,1.86627249575,0.515,16,-0.00974550342335,0.000640612604457,3176.59976548,0.01,0.01,240,GRB,1.17.6,167297a
3165.85421318,3165.85490227,0.0104399746251,a5,11,8,0.05,certified,True,0.000689094190875,26,14,12,14,2,10,8.56290268898,9.65469503403,17.3510231972,5.13471007347,1.19157894529,0.75,13,-0.0102491195662,0.000439974624896,3165.85465315,0.01,0.01,240,GRB,1.17.6,167297a
3168.29778162,3168.29794742,0.0102064077655,a5,15,8,0.05,certified,True,0.000165800571267,66,34,32,39,4,28,25.0093414783,28.4935889244,51.0048470497,7.95645999908,1.77342612524,0.735,33,-0.00995939280619,0.00020640776529,3168.29798803,0.01,0.01,240,GRB,1.17.6,167297a
3532.42144675,3532.42181425,0.0111998098696,a5,0,12,0.05,certified,True,0.000367503330381,16,9,7,14,5,2,117.959770203,164.139407396,280.721579552,208.005277395,6.43623352855,1.07904906874,8,-0.00916769346122,0.00119980986938,3532.42264656,0.01,0.01,240,GRB,1.17.6,167297a
4224.20462997,4224.20538031,0.217080712225,a5,11,12,0.05,certified,True,0.000750339970182,22,12,10,16,6,4,203.476849556,326.995197058,528.989066124,393.766128302,4.43604656078,1.37,11,0.196330372254,0.207080712225,4224.41171069,0.01,0.01,240,GRB,1.17.6,167297a
3459.66133058,3459.66201079,5.38645545156,a5,15,12,0.05,certified,True,0.000680209907841,34,18,16,28,9,7,117.318668604,190.424329042,304.137651682,203.105436325,7.56332052525,0.963061038087,17,5.36577524166,5.37645545156,3465.03778603,0.01,0.01,240,GRB,1.17.6,167297a
