case,base_timetable_group,arm,method,state0_s,state1_s,paid_two_state_s,state0_outcome,state1_outcome
synthetic_cyclic,synthetic_cyclic,legacy_cold_hull,Legacy cold,3.3815721789724194,3.2304136599996127,6.611985838972032,certified,certified
synthetic_cyclic,synthetic_cyclic,reserve_cold_hull,Reserve cold,3.2299984359997325,3.232135340978857,6.46213377697859,certified,certified
synthetic_cyclic,synthetic_cyclic,reserve_feasible_hull,Reserve + feasible pool,3.230105376977008,3.3311543180025183,6.561259694979526,certified,certified
synthetic_multivisit,synthetic_multivisit,legacy_cold_hull,Legacy cold,3.6480768370092846,3.7326598210493103,7.380736658058595,budget_exhausted,budget_exhausted
synthetic_multivisit,synthetic_multivisit,reserve_cold_hull,Reserve cold,3.329652732994873,3.6831202210159972,7.01277295401087,budget_exhausted,budget_exhausted
synthetic_multivisit,synthetic_multivisit,reserve_feasible_hull,Reserve + feasible pool,3.5376783729880117,3.7335278789978474,7.271206251985859,budget_exhausted,certified
public_depot15,hildenbrand_37,legacy_cold_hull,Legacy cold,184.38667255896144,184.90273710200563,369.28940966096707,budget_exhausted,budget_exhausted
public_depot15,hildenbrand_37,reserve_cold_hull,Reserve cold,175.2904058789718,175.1153524450492,350.405758324021,budget_exhausted,budget_exhausted
public_depot15,hildenbrand_37,reserve_feasible_hull,Reserve + feasible pool,175.42775984597392,176.15771357499762,351.58547342097154,budget_exhausted,budget_exhausted
public_depot16,hildenbrand_37,legacy_cold_hull,Legacy cold,184.92123470897786,184.66424562700558,369.58548033598345,budget_exhausted,budget_exhausted
public_depot16,hildenbrand_37,reserve_cold_hull,Reserve cold,175.0167353519937,175.0666935829795,350.0834289349732,budget_exhausted,budget_exhausted
public_depot16,hildenbrand_37,reserve_feasible_hull,Reserve + feasible pool,174.9144597609993,176.52556757000275,351.44002733100206,budget_exhausted,budget_exhausted
