case,state,comparison,left,right,left_outcome,right_outcome,right_minus_left_wall_s,right_minus_left_lower,right_minus_left_upper
synthetic_cyclic,0,reserve effect,Legacy cold,Reserve cold,certified,certified,-0.1515737429726869,0.0,0.0
synthetic_cyclic,1,reserve effect,Legacy cold,Reserve cold,certified,certified,0.001721680979244411,0.0,0.0
synthetic_cyclic,1,reuse effect,Reserve cold,Reserve + feasible pool,certified,certified,0.09901897702366114,0.0,0.0
synthetic_multivisit,0,reserve effect,Legacy cold,Reserve cold,budget_exhausted,budget_exhausted,-0.31842410401441157,0.0,0.0
synthetic_multivisit,1,reserve effect,Legacy cold,Reserve cold,budget_exhausted,budget_exhausted,-0.049539600033313036,0.0,0.0
synthetic_multivisit,1,reuse effect,Reserve cold,Reserve + feasible pool,budget_exhausted,certified,0.05040765798185021,3.547566442030707,-1.323812110429289
public_depot15,0,reserve effect,Legacy cold,Reserve cold,budget_exhausted,budget_exhausted,-9.09626667998964,0.0,-69.38565831226714
public_depot15,1,reserve effect,Legacy cold,Reserve cold,budget_exhausted,budget_exhausted,-9.78738465695642,-0.039591131181452965,-21.15466825458973
public_depot15,1,reuse effect,Reserve cold,Reserve + feasible pool,budget_exhausted,budget_exhausted,1.0423611299484037,-23.586446410014368,-56.4259708523257
public_depot16,0,reserve effect,Legacy cold,Reserve cold,budget_exhausted,budget_exhausted,-9.90449935698416,0.0,-37.38206611020342
public_depot16,1,reserve effect,Legacy cold,Reserve cold,budget_exhausted,budget_exhausted,-9.597552044026088,0.0,-17.801981247560974
public_depot16,1,reuse effect,Reserve cold,Reserve + feasible pool,budget_exhausted,budget_exhausted,1.458873987023253,-48.433798302470066,-41.2359456791726
